"","first_name","last_name","age","minutes","bday","join","leave","min_perc","join_age","age_now","fname","player","team_name","season","matchday"
"1","Shusaku","Nishikawa",36,2880,1986-06-18,2014-01-05,"Jan 31, 2023",0.941,27.5506849315069,36.4082191780822,"S","S. Nishikawa","Urawa Reds",2021,34
"2","Alexander","Scholz",30,2775,1992-10-24,2021-07-16,"-",0.907,28.7260273972603,30.0575342465753,"A","A. Scholz","Urawa Reds",2021,34
"3","Takuya","Iwanami",28,2665,1994-06-18,2018-01-01,"Jan 31, 2023",0.871,23.5397260273973,28.4082191780822,"T","T. Iwanami","Urawa Reds",2021,34
"4","Ken","Iwao",34,2395,1988-04-18,2022-02-01,"Jan 31, 2023",0.783,33.7917808219178,34.5753424657534,"K","K. Iwao","Urawa Reds",2021,34
"5","Atsuki","Ito",24,2112,1998-08-11,2021-02-01,"Jan 31, 2023",0.69,22.4767123287671,24.2602739726027,"A","A. Ito","Urawa Reds",2021,34
"6","Takahiro","Akimoto",24,2097,1998-01-31,2021-01-09,"Jan 31, 2023",0.685,22.9398907103825,24.786301369863,"T","T. Akimoto","Urawa Reds",2021,34
"7","Ataru","Esaka",30,1936,1992-05-31,2021-07-12,"Jan 31, 2023",0.633,29.1150684931507,30.4575342465753,"A","A. Esaka","Urawa Reds",2021,34
"8","Yoshio","Koizumi",26,1660,1996-10-05,2021-01-09,"Jan 31, 2023",0.542,24.2630136986301,26.1095890410959,"Y","Y. Koizumi","Urawa Reds",2021,34
"9","Takahiro","Sekine",27,1609,1995-04-19,2019-07-01,"Jan 31, 2023",0.526,24.1994535519126,27.572602739726,"T","T. Sekine","Urawa Reds",2021,34
"10","Hiroki","Sakai",32,1531,1990-04-12,2021-07-12,"Jan 31, 2023",0.5,31.2493150684931,32.5917808219178,"H","H. Sakai","Urawa Reds",2021,34
"11","Ayumu","Ohata",21,1421,2001-04-27,2022-01-09,"Jan 31, 2023",0.464,20.7041095890411,21.5506849315069,"A","A. Ohata","Urawa Reds",2021,34
"12","Yusuke","Matsuo",25,1344,1997-07-23,2022-01-09,"Jan 31, 2023",0.439,24.4657534246575,25.3123287671233,"Y","Y. Matsuo","Urawa Reds",2021,34
"13","Tomoaki","Okubo",24,1333,1998-07-23,2021-02-01,"Jan 31, 2023",0.436,22.5287671232877,24.3123287671233,"T","T. Okubo","Urawa Reds",2021,34
"14","Kai","Shibato",26,1166,1995-11-24,2018-02-01,"Jan 31, 2023",0.381,22.1890410958904,26.972602739726,"K","K. Shibato","Urawa Reds",2021,34
"15","Kasper","Junker",28,1099,1994-03-05,2021-04-01,"Jan 31, 2025",0.359,27.0739726027397,28.6958904109589,"K","K. Junker","Urawa Reds",2021,34
"16","David","Moberg",28,1046,1994-03-20,2022-01-09,"-",0.342,27.8082191780822,28.6547945205479,"D","D. Moberg","Urawa Reds",2021,34
"17","Kazuaki","Mawatari",31,980,1991-06-23,2022-01-09,"Jan 31, 2023",0.32,30.5479452054795,31.3945205479452,"K","K. Mawatari","Urawa Reds",2021,34
"18","Yuta","Miyamoto",22,956,1999-12-15,2022-02-01,"-",0.312,22.1315068493151,22.9150684931507,"Y","Y. Miyamoto","Urawa Reds",2021,34
"19","Alex","Schalk",30,574,1992-08-07,2022-03-25,"-",0.188,29.6301369863014,30.2712328767123,"A","A. Schalk","Urawa Reds",2021,34
"20","Yuichi","Hirano",26,474,1996-03-11,2021-08-06,"Jan 31, 2023",0.155,25.4054794520548,26.6794520547945,"Y","Y. Hirano","Urawa Reds",2021,34
"21","Tetsuya","Chinen",25,382,1997-11-08,2022-01-09,"Jan 31, 2023",0.125,24.1698630136986,25.0164383561644,"T","T. Chinen","Urawa Reds",2021,34
"22","Kai","Matsuzaki",24,369,1997-11-22,2022-01-09,"Jan 31, 2023",0.121,24.1315068493151,24.9780821917808,"K","K. Matsuzaki","Urawa Reds",2021,34
"23","Tomoya","Inukai",29,291,1993-05-12,2022-01-09,"Jan 31, 2023",0.095,28.6630136986301,29.5095890410959,"T","T. Inukai","Urawa Reds",2021,34
"24","Zion","Suzuki",20,180,2002-08-21,2019-02-01,"Jan 31, 2023",0.059,16.4493150684931,20.2328767123288,"Z","Z. Suzuki","Urawa Reds",2021,34
"25","Bryan","Linssen",32,159,1990-10-08,2022-07-11,"Jan 31, 2025",0.052,31.7561643835616,32.1013698630137,"B","B. Linssen","Urawa Reds",2021,34
"26","Kaito","Yasui",22,127,2000-02-09,2022-02-01,"Jan 31, 2023",0.042,21.9780821917808,22.7616438356164,"K","K. Yasui","Urawa Reds",2021,34
"27","Gotoku","Sakai",31,3050,1991-03-14,2019-08-14,"Jan 31, 2023",0.997,28.4180327868852,31.6712328767123,"G","G. Sakai","Vissel Kobe",2021,34
"28","Hotaru","Yamaguchi",32,2957,1990-10-06,2019-01-01,"Jan 31, 2023",0.966,28.2383561643836,32.1068493150685,"H","H. Yamaguchi","Vissel Kobe",2021,34
"29","Yuki","Kobayashi",22,2586,2000-07-18,2019-02-01,"Jan 31, 2023",0.845,18.5424657534247,22.3260273972603,"Y","Y. Kobayashi","Vissel Kobe",2021,34
"30","Yuki","Kobayashi",22,2586,1992-04-24,2022-07-27,"Jan 31, 2024",0.845,30.2575342465753,30.558904109589,"Y","Y. Kobayashi","Vissel Kobe",2021,34
"31","Koya","Yuruki",27,2121,1995-07-03,2022-01-09,"Jan 31, 2023",0.693,26.5205479452055,27.3671232876712,"K","K. Yuruki","Vissel Kobe",2021,34
"32","Yoshinori","Muto",30,2089,1992-07-15,2021-08-07,"Jan 31, 2023",0.683,29.0630136986301,30.3342465753425,"Y","Y. Muto","Vissel Kobe",2021,34
"33","Leo","Osaki",31,2078,1991-07-08,2018-07-16,"Jan 31, 2023",0.679,27.0219178082192,31.3534246575342,"L","L. Osaki","Vissel Kobe",2021,34
"34","Tetsushi","Yamakawa",25,2061,1997-10-01,2020-02-01,"Jan 31, 2023",0.674,22.3360655737705,25.1205479452055,"T","T. Yamakawa","Vissel Kobe",2021,34
"35","Ryuho","Kikuchi",25,1960,1996-12-09,2020-01-04,"Jan 31, 2025",0.641,23.0710382513661,25.9315068493151,"R","R. Kikuchi","Vissel Kobe",2021,34
"36","Yuya","Osako",32,1667,1990-05-18,2021-08-08,"Jan 31, 2023",0.545,31.2246575342466,32.4931506849315,"Y","Y. Osako","Vissel Kobe",2021,34
"37","Daiya","Maekawa",28,1620,1994-09-08,2017-02-04,"Jan 31, 2023",0.529,22.4082191780822,28.1835616438356,"D","D. Maekawa","Vissel Kobe",2021,34
"38","Andrés","Iniesta",38,1477,1984-05-11,2018-07-01,"Jan 31, 2024",0.483,34.1397260273973,38.5123287671233,"A","A. Iniesta","Vissel Kobe",2021,34
"39","Hiroki","Iikura",36,1260,1986-06-01,2019-07-26,"Jan 31, 2023",0.412,33.1502732240437,36.4547945205479,"H","H. Iikura","Vissel Kobe",2021,34
"40","Ryo","Hatsuse",25,888,1997-07-10,2019-01-05,"Jan 31, 2023",0.29,21.4904109589041,25.3479452054795,"R","R. Hatsuse","Vissel Kobe",2021,34
"41","Yutaro","Oda",21,787,2001-08-12,2020-02-01,"Jan 31, 2023",0.257,18.4726775956284,21.2575342465753,"Y","Y. Oda","Vissel Kobe",2021,34
"42","Daiju","Sasaki",23,781,1999-09-17,2018-02-01,"Jan 31, 2023",0.255,18.3753424657534,23.158904109589,"D","D. Sasaki","Vissel Kobe",2021,34
"43","Tomoaki","Makino",35,710,1987-05-11,2022-01-09,"Jan 31, 2023",0.232,34.6657534246575,35.5123287671233,"T","T. Makino","Vissel Kobe",2021,34
"44","Yuta","Goke",23,684,1999-06-10,2018-02-01,"Jan 31, 2023",0.224,18.6465753424658,23.4301369863014,"Y","Y. Goke","Vissel Kobe",2021,34
"45","Kento","Hashimoto",29,664,1993-08-16,2022-03-27,"Jun 30, 2023",0.217,28.6109589041096,29.2465753424658,"K","K. Hashimoto","Vissel Kobe",2021,34
"46","Yuki","Kobayashi",30,592,2000-07-18,2019-02-01,"Jan 31, 2023",0.193,18.5424657534247,22.3260273972603,"Y","Y. Kobayashi","Vissel Kobe",2021,34
"47","Yuki","Kobayashi",30,592,1992-04-24,2022-07-27,"Jan 31, 2024",0.193,30.2575342465753,30.558904109589,"Y","Y. Kobayashi","Vissel Kobe",2021,34
"48","Takahiro","Ogihara",31,585,1991-10-05,2022-01-09,"Jan 31, 2023",0.191,30.2630136986301,31.1095890410959,"T","T. Ogihara","Vissel Kobe",2021,34
"49","Nanasei","Iino",26,576,1996-10-02,2022-07-11,"Jan 31, 2024",0.188,25.772602739726,26.1178082191781,"N","N. Iino","Vissel Kobe",2021,34
"50",NA,"Thuler",23,461,1999-03-10,2022-07-31,"Dec 31, 2022",0.151,23.3917808219178,23.6821917808219,"","Thuler","Vissel Kobe",2021,34
"51","Bojan","Krkic",32,417,1990-08-28,2021-08-09,"Jan 31, 2023",0.136,30.9479452054795,32.213698630137,"B","B. Krkic","Vissel Kobe",2021,34
"52","Sergi","Samper",27,397,1995-01-20,2019-03-07,"Jan 31, 2023",0.13,24.1260273972603,27.8164383561644,"S","S. Samper","Vissel Kobe",2021,34
"53",NA,"Lincoln",21,316,2000-12-16,2021-01-20,"Jan 31, 2024",0.103,20.0958904109589,21.9123287671233,"","Lincoln","Vissel Kobe",2021,34
"54","Yuya","Nakasaka",25,267,1997-08-05,2016-02-01,"Jan 31, 2023",0.087,18.4918032786885,25.2767123287671,"Y","Y. Nakasaka","Vissel Kobe",2021,34
"55","Yuya","Tsuboi",23,180,1999-08-23,2022-02-01,"-",0.059,22.4438356164384,23.227397260274,"Y","Y. Tsuboi","Vissel Kobe",2021,34
"56","Shion","Inoue",25,167,1997-08-03,2021-01-09,"Jan 31, 2024",0.055,23.4356164383562,25.2821917808219,"S","S. Inoue","Vissel Kobe",2021,34
"57","Stefan","Mugoša",30,85,1992-02-26,2022-07-11,"-",0.028,30.3698630136986,30.7150684931507,"S","S. Mugoša","Vissel Kobe",2021,34
"58","Noriaki","Fujimoto",33,44,1989-08-19,2019-08-07,"Jan 31, 2023",0.014,29.9671232876712,33.2383561643836,"N","N. Fujimoto","Vissel Kobe",2021,34
"59","Yohei","Takaoka",26,3060,1996-03-16,2020-10-23,"Jan 31, 2023",1,24.6054794520548,26.6657534246575,"Y","Y. Takaoka","Yokohama Marinos",2021,34
"60","Tomoki","Iwata",25,2715,1997-04-07,2021-01-09,"Jan 31, 2025",0.887,23.758904109589,25.6054794520548,"T","T. Iwata","Yokohama Marinos",2021,34
"61","Ryuta","Koike",27,2160,1995-08-29,2020-05-29,"Jan 31, 2023",0.706,24.7486338797814,27.2109589041096,"R","R. Koike","Yokohama Marinos",2021,34
"62","Katsuya","Nagato",27,2147,1995-01-15,2022-01-09,"Jan 31, 2023",0.702,26.9835616438356,27.8301369863014,"K","K. Nagato","Yokohama Marinos",2021,34
"63",NA,"Eduardo",29,1919,1993-04-27,2022-02-02,"Jan 31, 2025",0.627,28.7698630136986,29.5506849315069,"","Eduardo","Yokohama Marinos",2021,34
"64","Takuya","Kida",28,1773,1994-08-23,2013-02-01,"Jan 31, 2023",0.579,18.4438356164384,28.227397260274,"T","T. Kida","Yokohama Marinos",2021,34
"65",NA,"Élber",30,1768,1992-05-27,2021-01-09,"Jan 31, 2024",0.578,28.6219178082192,30.4684931506849,"","Élber","Yokohama Marinos",2021,34
"66","Takuma","Nishimura",26,1748,1996-10-22,2022-01-09,"Jan 31, 2023",0.571,25.2164383561644,26.0630136986301,"T","T. Nishimura","Yokohama Marinos",2021,34
"67","Anderson","Lopes",29,1732,1993-09-15,2022-02-03,"Jan 31, 2024",0.566,28.386301369863,29.1643835616438,"A","A. Lopes","Yokohama Marinos",2021,34
"68","Kota","Mizunuma",32,1702,1990-02-22,2020-01-04,"Jan 31, 2023",0.556,29.8657534246575,32.7260273972603,"K","K. Mizunuma","Yokohama Marinos",2021,34
"69","Ken","Matsubara",29,1562,1993-02-16,2017-01-06,"Jan 31, 2023",0.51,23.8879781420765,29.7424657534247,"K","K. Matsubara","Yokohama Marinos",2021,34
"70","Joel","Chima",20,1513,2002-02-16,2022-01-09,"Jan 31, 2023",0.494,19.8958904109589,20.7424657534247,"J","J. Chima","Yokohama Marinos",2021,34
"71","Kota","Watanabe",24,1500,1998-10-18,2019-08-08,"Jan 31, 2023",0.49,20.8054794520548,24.0739726027397,"K","K. Watanabe","Yokohama Marinos",2021,34
"72","Teruhito","Nakagawa",30,1471,1992-07-27,2015-02-01,"Jan 31, 2023",0.481,22.5178082191781,30.3013698630137,"T","T. Nakagawa","Yokohama Marinos",2021,34
"73","Léo","Ceará",27,1300,1995-02-03,2021-01-23,"Dec 31, 2023",0.425,25.9699453551913,27.7780821917808,"L","L. Ceará","Yokohama Marinos",2021,34
"74","Ryotaro","Tsunoda",23,1164,1999-06-27,2021-07-12,"Jan 31, 2025",0.38,22.041095890411,23.3835616438356,"R","R. Tsunoda","Yokohama Marinos",2021,34
"75","Marcos","Júnior",29,1022,1993-01-19,2019-01-04,"Jan 31, 2023",0.334,25.958904109589,29.8191780821918,"M","M. Júnior","Yokohama Marinos",2021,34
"76","Shinnosuke","Hatanaka",27,943,1995-08-25,2018-08-14,"Jan 31, 2023",0.308,22.9698630136986,27.2219178082192,"S","S. Hatanaka","Yokohama Marinos",2021,34
"77","Ryo","Miyaichi",29,624,1992-12-14,2021-07-12,"Jan 31, 2023",0.204,28.5753424657534,29.9178082191781,"R","R. Miyaichi","Yokohama Marinos",2021,34
"78","Riku","Yamane",19,462,2003-08-17,2022-02-01,"Jan 31, 2025",0.151,18.4602739726027,19.2438356164384,"R","R. Yamane","Yokohama Marinos",2021,34
"79","Yuki","Saneto",33,440,1989-01-19,2020-03-23,"Jan 31, 2023",0.144,31.1748633879781,33.8191780821918,"Y","Y. Saneto","Yokohama Marinos",2021,34
"80","Yuta","Koike",26,397,1996-11-06,2022-01-09,"Jan 31, 2023",0.13,25.1753424657534,26.0219178082192,"Y","Y. Koike","Yokohama Marinos",2021,34
"81","Kaina","Yoshio",24,285,1998-06-28,2017-02-01,"Jan 31, 2023",0.093,18.5972602739726,24.3808219178082,"K","K. Yoshio","Yokohama Marinos",2021,34
"82",NA,"Yan",24,97,1998-09-04,2022-08-09,"-",0.032,23.9287671232877,24.1945205479452,"","Yan","Yokohama Marinos",2021,34
"83","Ryonosuke","Kabayama",20,61,2002-09-17,2021-02-01,"Jan 31, 2023",0.02,18.3753424657534,20.158904109589,"R","R. Kabayama","Yokohama Marinos",2021,34
"84","Talla","Ndao",23,22,1999-02-23,2021-02-01,"Jan 31, 2023",0.007,21.9398907103825,23.7232876712329,"T","T. Ndao","Yokohama Marinos",2021,34
"85","Yoshinori","Suzuki",30,2970,1992-09-11,2021-01-09,"Jan 31, 2023",0.971,28.3287671232877,30.1753424657534,"Y","Y. Suzuki","Shimizu S-Pulse",2021,34
"86","Shuichi","Gonda",33,2925,1989-03-03,2022-01-09,"Jan 31, 2023",0.956,32.8547945205479,33.7013698630137,"S","S. Gonda","Shimizu S-Pulse",2021,34
"87","Ryohei","Shirasaki",29,2632,1993-05-18,2022-02-01,"Jan 31, 2023",0.86,28.7095890410959,29.4931506849315,"R","R. Shirasaki","Shimizu S-Pulse",2021,34
"88","Reon","Yamahara",23,2616,1999-06-08,2022-02-01,"-",0.855,22.6520547945205,23.4356164383562,"R","R. Yamahara","Shimizu S-Pulse",2021,34
"89","Eiichi","Katayama",30,2196,1991-11-30,2021-01-09,"Jan 31, 2023",0.718,29.1095890410959,30.9561643835616,"E","E. Katayama","Shimizu S-Pulse",2021,34
"90",NA,"Thiago",29,2133,1993-02-04,2021-01-09,"Dec 31, 2023",0.697,27.9289617486339,29.7753424657534,"","Thiago","Shimizu S-Pulse",2021,34
"91","Yugo","Tatsuta",24,2119,1998-06-21,2017-02-01,"Jan 31, 2023",0.692,18.6164383561644,24.4,"Y","Y. Tatsuta","Shimizu S-Pulse",2021,34
"92","Teruki","Hara",24,1893,1998-07-30,2021-01-09,"Jan 31, 2023",0.619,22.4465753424658,24.2931506849315,"T","T. Hara","Shimizu S-Pulse",2021,34
"93","Carlinhos","Junior",28,1395,1994-08-08,2020-02-20,"Jan 1, 2023",0.456,25.5355191256831,28.2684931506849,"C","C. Junior","Shimizu S-Pulse",2021,34
"94","Yuito","Suzuki",21,1373,2001-10-25,2020-02-01,"Jan 31, 2023",0.449,18.2704918032787,21.0547945205479,"Y","Y. Suzuki","Shimizu S-Pulse",2021,34
"95","Kota","Miyamoto",26,1342,1996-06-19,2015-02-01,"Jan 31, 2023",0.439,18.6219178082192,26.4054794520548,"K","K. Miyamoto","Shimizu S-Pulse",2021,34
"96","Yuta","Kamiya",25,1148,1997-04-24,2022-01-09,"Jan 31, 2023",0.375,24.7123287671233,25.558904109589,"Y","Y. Kamiya","Shimizu S-Pulse",2021,34
"97","Daiki","Matsuoka",21,1121,2001-06-01,2021-08-02,"Jan 31, 2023",0.366,20.1698630136986,21.4547945205479,"D","D. Matsuoka","Shimizu S-Pulse",2021,34
"98","Katsuhiro","Nakayama",26,1010,1996-07-17,2021-01-09,"Jan 31, 2023",0.33,24.4821917808219,26.3287671232877,"K","K. Nakayama","Shimizu S-Pulse",2021,34
"99",NA,"Ronaldo",26,943,1996-10-23,2021-07-23,"Jan 31, 2023",0.308,24.7479452054795,26.0602739726027,"","Ronaldo","Shimizu S-Pulse",2021,34
"100","Yago","Pikachu",30,654,1992-06-05,2022-07-17,"Dec 31, 2024",0.214,30.1150684931507,30.4438356164384,"Y","Y. Pikachu","Shimizu S-Pulse",2021,34
"101","Ryo","Takeuchi",31,627,1991-03-08,2009-02-01,"Jan 31, 2023",0.205,17.9041095890411,31.6876712328767,"R","R. Takeuchi","Shimizu S-Pulse",2021,34
"102","Takashi","Inui",34,623,1988-06-02,2022-07-22,"Jan 31, 2023",0.204,34.1369863013699,34.4520547945205,"T","T. Inui","Shimizu S-Pulse",2021,34
"103","Yusuke","Goto",29,609,1993-04-23,2020-01-04,"Jan 31, 2023",0.199,26.6994535519126,29.5616438356164,"Y","Y. Goto","Shimizu S-Pulse",2021,34
"104",NA,"Valdo",30,606,1992-02-10,2020-01-15,"Jan 31, 2023",0.198,27.9287671232877,30.758904109589,"","Valdo","Shimizu S-Pulse",2021,34
"105","Benjamin","Kololli",30,568,1992-05-15,2021-07-23,"Jan 31, 2024",0.186,29.1890410958904,30.5013698630137,"B","B. Kololli","Shimizu S-Pulse",2021,34
"106","Kenta","Nishizawa",26,556,1996-09-06,2019-02-01,"Jan 31, 2023",0.182,22.4054794520548,26.1890410958904,"K","K. Nishizawa","Shimizu S-Pulse",2021,34
"107","Koya","Kitagawa",26,375,1996-07-26,2022-07-11,"-",0.123,25.958904109589,26.3041095890411,"K","K. Kitagawa","Shimizu S-Pulse",2021,34
"108","Se-hun","Oh",23,337,1999-01-15,2022-02-24,"Jan 1, 2024",0.11,23.1095890410959,23.8301369863014,"S","S. Oh","Shimizu S-Pulse",2021,34
"109","Akira","Ibayashi",32,212,1990-09-05,2021-07-12,"Jan 31, 2023",0.069,30.8493150684932,32.1917808219178,"A","A. Ibayashi","Shimizu S-Pulse",2021,34
"110","Takeru","Kishimoto",25,187,1997-07-16,2022-01-09,"Jan 31, 2023",0.061,24.4849315068493,25.3315068493151,"T","T. Kishimoto","Shimizu S-Pulse",2021,34
"111","Yuta","Taki",23,153,1999-08-29,2018-02-01,"Jan 31, 2023",0.05,18.427397260274,23.2109589041096,"Y","Y. Taki","Shimizu S-Pulse",2021,34
"112","Takuo","Okubo",33,134,1989-09-18,2019-08-05,"Jan 31, 2023",0.044,29.8794520547945,33.1561643835616,"T","T. Okubo","Shimizu S-Pulse",2021,34
"113","Daigo","Takahashi",23,135,1999-04-17,2018-02-01,"Jan 31, 2023",0.044,18.7945205479452,23.5780821917808,"D","D. Takahashi","Shimizu S-Pulse",2021,34
"114","Akira","Silvano",26,50,1996-04-02,2021-01-09,"Jan 31, 2023",0.016,24.772602739726,26.6191780821918,"A","A. Silvano","Shimizu S-Pulse",2021,34
"115","Ibrahim","Junior",21,7,2001-08-14,2020-02-01,"Jan 31, 2023",0.002,18.4672131147541,21.2520547945205,"I","I. Junior","Shimizu S-Pulse",2021,34
"116","Shogo","Taniguchi",31,2903,1991-07-15,2014-02-01,"Jan 31, 2023",0.949,22.5506849315069,31.3342465753425,"S","S. Taniguchi","Kawasaki Frontale",2021,34
"117","Miki","Yamane",28,2814,1993-12-22,2020-01-04,"Jan 31, 2023",0.92,26.0355191256831,28.8958904109589,"M","M. Yamane","Kawasaki Frontale",2021,34
"118","Kento","Tachibanada",24,2744,1998-05-29,2021-02-01,"Jan 31, 2023",0.897,22.6794520547945,24.4630136986301,"K","K. Tachibanada","Kawasaki Frontale",2021,34
"119","Akihiro","Ienaga",36,2738,1986-06-13,2017-01-05,"Jan 31, 2023",0.895,30.5643835616438,36.4219178082192,"A","A. Ienaga","Kawasaki Frontale",2021,34
"120","Sung-ryong","Jung",37,2729,1985-01-04,2016-01-01,"Jan 1, 2023",0.892,30.9917808219178,37.8602739726027,"S","S. Jung","Kawasaki Frontale",2021,34
"121","Yasuto","Wakizaka",27,2313,1995-06-11,2018-02-01,"Jan 31, 2024",0.756,22.6438356164384,27.427397260274,"Y","Y. Wakizaka","Kawasaki Frontale",2021,34
"122",NA,"Marcinho",27,1979,1995-05-16,2021-08-13,"Jan 31, 2023",0.647,26.2438356164384,27.4986301369863,"","Marcinho","Kawasaki Frontale",2021,34
"123","Asahi","Sasaki",22,1550,2000-01-26,2022-02-01,"Jan 31, 2023",0.507,22.0164383561644,22.8,"A","A. Sasaki","Kawasaki Frontale",2021,34
"124","Shintaro","Kurumaya",30,1454,1992-04-05,2015-02-01,"Jan 31, 2024",0.475,22.827397260274,30.6109589041096,"S","S. Kurumaya","Kawasaki Frontale",2021,34
"125","Leandro","Damião",33,1355,1989-07-22,2019-02-02,"Jan 1, 2023",0.443,29.5342465753425,33.3150684931507,"L","L. Damião","Kawasaki Frontale",2021,34
"126","João","Schmidt",29,1354,1993-05-19,2021-01-09,"Jan 31, 2023",0.442,27.6438356164384,29.4904109589041,"J","J. Schmidt","Kawasaki Frontale",2021,34
"127","Daiya","Tono",23,1318,1999-03-14,2020-01-04,"Jan 31, 2023",0.431,20.8087431693989,23.6712328767123,"D","D. Tono","Kawasaki Frontale",2021,34
"128","Yu","Kobayashi",35,1294,1987-09-23,2010-02-01,"Jan 31, 2023",0.423,22.358904109589,35.1424657534247,"Y","Y. Kobayashi","Kawasaki Frontale",2021,34
"129","Kei","Chinen",27,1213,1995-03-17,2017-02-01,"Jan 31, 2023",0.396,21.8794520547945,27.6630136986301,"K","K. Chinen","Kawasaki Frontale",2021,34
"130","Kazuya","Yamamura",32,1106,1989-12-02,2019-01-05,"Jan 31, 2023",0.361,29.0931506849315,32.9506849315068,"K","K. Yamamura","Kawasaki Frontale",2021,34
"131","Chanathip","Songkrasin",29,955,1993-10-05,2022-01-11,"Jan 31, 2025",0.312,28.2684931506849,29.1095890410959,"C","C. Songkrasin","Kawasaki Frontale",2021,34
"132",NA,"Jesiel",28,939,1994-03-05,2020-01-04,"Jan 31, 2023",0.307,25.8333333333333,28.6958904109589,"","Jesiel","Kawasaki Frontale",2021,34
"133","Kyohei","Noborizato",32,715,1990-11-13,2009-02-01,"Jan 31, 2023",0.234,18.2191780821918,32.0027397260274,"K","K. Noborizato","Kawasaki Frontale",2021,34
"134","Ryota","Oshima",29,558,1993-01-23,2011-02-01,"Jan 31, 2023",0.182,18.0246575342466,29.8082191780822,"R","R. Oshima","Kawasaki Frontale",2021,34
"135","Ten","Miyagi",21,457,2001-06-02,2020-02-01,"Jan 31, 2023",0.149,18.6666666666667,21.4520547945205,"T","T. Miyagi","Kawasaki Frontale",2021,34
"136","Kenta","Tanno",36,327,1986-08-30,2020-01-04,"Jan 31, 2023",0.107,33.3469945355191,36.2082191780822,"K","K. Tanno","Kawasaki Frontale",2021,34
"137","Tatsuki","Seko",24,297,1997-12-22,2022-01-09,"Jan 31, 2023",0.097,24.0493150684932,24.8958904109589,"T","T. Seko","Kawasaki Frontale",2021,34
"138","Kazuki","Kozuka",28,274,1994-08-02,2021-01-09,"Jan 31, 2023",0.09,26.4383561643836,28.2849315068493,"K","K. Kozuka","Kawasaki Frontale",2021,34
"139","Koki","Tsukagawa",28,249,1994-07-16,2021-01-09,"Jan 31, 2023",0.081,26.4849315068493,28.3315068493151,"K","K. Tsukagawa","Kawasaki Frontale",2021,34
"140","Kento","Misao",26,2821,1996-04-16,2016-01-12,"Jan 31, 2023",0.922,19.7404371584699,26.5808219178082,"K","K. Misao","Kashima Antlers",2021,34
"141","Yuma","Suzuki",26,2702,1996-04-26,2022-01-09,"Jan 31, 2023",0.883,25.7068493150685,26.5534246575342,"Y","Y. Suzuki","Kashima Antlers",2021,34
"142","Koki","Anzai",27,2490,1995-05-31,2021-07-20,"Jan 31, 2026",0.814,26.1369863013699,27.4575342465753,"K","K. Anzai","Kashima Antlers",2021,34
"143","Sun-tae","Kwon",38,2430,1984-09-11,2017-01-28,"Jan 31, 2023",0.794,32.3808219178082,38.1753424657534,"S","S. Kwon","Kashima Antlers",2021,34
"144","Yuta","Higuchi",26,2413,1996-10-30,2022-01-09,"Jan 31, 2023",0.789,25.1945205479452,26.041095890411,"Y","Y. Higuchi","Kashima Antlers",2021,34
"145","Ikuma","Sekigawa",22,2382,2000-09-13,2019-02-01,"Jan 31, 2023",0.778,18.386301369863,22.1698630136986,"I","I. Sekigawa","Kashima Antlers",2021,34
"146","Keigo","Tsunemoto",24,2171,1998-10-21,2021-02-01,"Jan 31, 2023",0.709,22.2821917808219,24.0657534246575,"K","K. Tsunemoto","Kashima Antlers",2021,34
"147","Diego","Pituca",30,2110,1992-08-15,2021-01-31,"Jan 31, 2024",0.69,28.4630136986301,30.2493150684931,"D","D. Pituca","Kashima Antlers",2021,34
"148","Ryuji","Izumi",29,2059,1993-11-06,2020-01-04,"Jan 31, 2023",0.673,26.1612021857923,29.0219178082192,"R","R. Izumi","Kashima Antlers",2021,34
"149","Arthur","Caíke",30,2059,1992-06-15,2021-01-31,"Jan 31, 2023",0.673,28.6301369863014,30.4164383561644,"A","A. Caíke","Kashima Antlers",2021,34
"150","Ayase","Ueda",24,1464,1998-08-28,2019-07-26,"Jun 30, 2026",0.478,20.9095890410959,24.213698630137,"A","A. Ueda","Kashima Antlers",2021,34
"151","Rikuto","Hirose",27,1292,1995-09-23,2020-01-04,"Jan 31, 2023",0.422,24.2814207650273,27.1424657534247,"R","R. Hirose","Kashima Antlers",2021,34
"152","Min-tae","Kim",28,1277,1993-11-26,2022-01-09,"Jan 31, 2023",0.417,28.1205479452055,28.9671232876712,"M","M. Kim","Kashima Antlers",2021,34
"153","Hayato","Nakama",30,877,1992-05-16,2022-01-09,"Jan 31, 2023",0.287,29.6520547945205,30.4986301369863,"H","H. Nakama","Kashima Antlers",2021,34
"154","Shoma","Doi",30,863,1992-05-21,2011-02-01,"Jan 31, 2023",0.282,18.7013698630137,30.4849315068493,"S","S. Doi","Kashima Antlers",2021,34
"155",NA,"Everaldo",31,539,1991-07-05,2020-01-04,"Jan 31, 2023",0.176,28.5,31.3616438356164,"","Everaldo","Kashima Antlers",2021,34
"156","Ryotaro","Araki",20,531,2002-01-29,2020-02-01,"Jan 31, 2023",0.174,18.0081967213115,20.7917808219178,"R","R. Araki","Kashima Antlers",2021,34
"157","Yuta","Matsumura",21,497,2001-04-13,2020-02-01,"Jan 31, 2023",0.162,18.8032786885246,21.5890410958904,"Y","Y. Matsumura","Kashima Antlers",2021,34
"158","Juan","Alano",26,463,1996-09-02,2020-01-04,"Jan 31, 2024",0.151,23.3387978142077,26.2,"J","J. Alano","Kashima Antlers",2021,34
"159","Tomoki","Hayakawa",23,450,1999-03-03,2021-02-01,"Jan 31, 2023",0.147,21.9178082191781,23.7013698630137,"T","T. Hayakawa","Kashima Antlers",2021,34
"160","Yu","Funabashi",20,385,2002-07-12,2021-02-01,"Jan 31, 2024",0.126,18.558904109589,20.3424657534247,"Y","Y. Funabashi","Kashima Antlers",2021,34
"161","Ryotaro","Nakamura",25,349,1997-09-27,2022-01-09,"Jan 31, 2023",0.114,24.2849315068493,25.1315068493151,"R","R. Nakamura","Kashima Antlers",2021,34
"162",NA,"Bueno",27,304,1995-08-24,2016-01-12,"Jan 31, 2023",0.099,20.3852459016393,27.2246575342466,"","Bueno","Kashima Antlers",2021,34
"163","Shintaro","Nago",26,189,1996-04-17,2019-02-01,"Jan 31, 2023",0.062,22.7945205479452,26.5780821917808,"S","S. Nago","Kashima Antlers",2021,34
"164","Yuya","Oki",23,180,1999-08-22,2018-02-01,"Jan 31, 2023",0.059,18.4465753424658,23.2301369863014,"Y","Y. Oki","Kashima Antlers",2021,34
"165","Blessing","Eleke",26,141,1996-03-05,2022-08-05,"-",0.046,26.4191780821918,26.6958904109589,"B","B. Eleke","Kashima Antlers",2021,34
"166","Itsuki","Someno",21,98,2001-09-12,2020-02-01,"Jan 31, 2023",0.032,18.3879781420765,21.172602739726,"I","I. Someno","Kashima Antlers",2021,34
"167","Itsuki","Oda",24,70,1998-07-16,2017-02-01,"Jan 31, 2023",0.023,18.5479452054795,24.3315068493151,"I","I. Oda","Kashima Antlers",2021,34
"168","Naoki","Hayashi",24,9,1998-06-09,2021-02-01,"Jan 31, 2023",0.003,22.6493150684932,24.4328767123288,"N","N. Hayashi","Kashima Antlers",2021,34
"169","Sho","Inagaki",30,2989,1991-12-25,2020-01-04,"Jan 31, 2023",0.977,28.0273224043716,30.8876712328767,"S","S. Inagaki","Nagoya Grampus",2021,34
"170","Shinnosuke","Nakatani",26,2970,1996-03-24,2018-07-16,"Jan 31, 2023",0.971,22.3123287671233,26.6438356164384,"S","S. Nakatani","Nagoya Grampus",2021,34
"171","Mitchell","Langerak",34,2889,1988-08-22,2018-01-14,"Jan 31, 2023",0.944,29.3972602739726,34.2301369863014,"M","M. Langerak","Nagoya Grampus",2021,34
"172","Haruya","Fujii",21,2635,2000-12-26,2019-02-01,"Jan 31, 2023",0.861,18.1013698630137,21.8849315068493,"H","H. Fujii","Nagoya Grampus",2021,34
"173","Yuki","Soma",25,2590,1997-02-25,2019-02-01,"Jan 31, 2023",0.846,21.9342465753425,25.7178082191781,"Y","Y. Soma","Nagoya Grampus",2021,34
"174",NA,"Mateus",28,2540,1994-09-11,2019-01-06,"Dec 31, 2024",0.83,24.3205479452055,28.1753424657534,"","Mateus","Nagoya Grampus",2021,34
"175","Ryoya","Morishita",25,2478,1997-04-11,2021-01-09,"Jan 31, 2023",0.81,23.7479452054795,25.5945205479452,"R","R. Morishita","Nagoya Grampus",2021,34
"176","Léo","Silva",36,2373,1985-12-24,2022-01-09,"Jan 31, 2023",0.775,36.0438356164384,36.8904109589041,"L","L. Silva","Nagoya Grampus",2021,34
"177","Yuichi","Maruyama",33,2205,1989-06-16,2018-07-16,"Jan 31, 2023",0.721,29.0821917808219,33.413698630137,"Y","Y. Maruyama","Nagoya Grampus",2021,34
"178","Keiya","Sento",27,1896,1994-12-29,2022-01-09,"Jan 31, 2023",0.62,27.0301369863014,27.8767123287671,"K","K. Sento","Nagoya Grampus",2021,34
"179","Noriyoshi","Sakai",30,994,1992-11-09,2022-01-09,"Jan 31, 2023",0.325,29.1671232876712,30.013698630137,"N","N. Sakai","Nagoya Grampus",2021,34
"180","Yoichiro","Kakitani",32,896,1990-01-03,2021-01-09,"Jan 31, 2023",0.293,31.0164383561644,32.8630136986301,"Y","Y. Kakitani","Nagoya Grampus",2021,34
"181","Kensuke","Nagai",33,862,1989-03-05,2022-07-11,"Jan 31, 2024",0.282,33.3506849315068,33.6958904109589,"K","K. Nagai","Nagoya Grampus",2021,34
"182","Kazuya","Miyahara",26,779,1996-03-22,2019-02-01,"Jan 31, 2023",0.255,22.8657534246575,26.6493150684932,"K","K. Miyahara","Nagoya Grampus",2021,34
"183","Yutaka","Yoshida",32,766,1990-02-17,2019-01-13,"Jan 31, 2023",0.25,28.9041095890411,32.7397260273973,"Y","Y. Yoshida","Nagoya Grampus",2021,34
"184","Takuya","Uchida",24,707,1998-06-02,2022-03-28,"Jan 31, 2023",0.231,23.8191780821918,24.4520547945205,"T","T. Uchida","Nagoya Grampus",2021,34
"185","Tiago","Pagnussat",32,663,1990-06-17,2022-01-31,"Jan 31, 2023",0.217,31.6246575342466,32.4109589041096,"T","T. Pagnussat","Nagoya Grampus",2021,34
"186","Takuya","Shigehiro",27,521,1995-05-05,2022-07-11,"Jan 31, 2023",0.17,27.1835616438356,27.5287671232877,"T","T. Shigehiro","Nagoya Grampus",2021,34
"187","Ryota","Nagaki",34,436,1988-06-04,2022-07-11,"Jan 31, 2023",0.142,34.1013698630137,34.4465753424658,"R","R. Nagaki","Nagoya Grampus",2021,34
"188","Hiroyuki","Abe",33,339,1989-07-05,2020-01-04,"Jan 31, 2023",0.111,30.5,33.3616438356164,"H","H. Abe","Nagoya Grampus",2021,34
"189",NA,"Naldo",30,227,1992-10-22,2022-07-11,"Jan 31, 2024",0.074,29.7178082191781,30.0630136986301,"","Naldo","Nagoya Grampus",2021,34
"190","Mu","Kanazaki",33,198,1989-02-16,2021-02-01,"Jan 31, 2023",0.065,31.9590163934426,33.7424657534247,"M","M. Kanazaki","Nagoya Grampus",2021,34
"191","Ryotaro","Ishida",20,176,2001-12-13,2020-02-01,"Jan 31, 2023",0.058,18.1366120218579,20.9205479452055,"R","R. Ishida","Nagoya Grampus",2021,34
"192","Yohei","Takeda",35,171,1987-06-30,2016-01-08,"Jan 31, 2023",0.056,28.5245901639344,35.3753424657534,"Y","Y. Takeda","Nagoya Grampus",2021,34
"193","Hidemasa","Koda",19,112,2003-10-02,2022-02-01,"-",0.037,18.3342465753425,19.1178082191781,"H","H. Koda","Nagoya Grampus",2021,34
"194","Kazuki","Nagasawa",30,86,1991-12-16,2021-01-09,"Jan 31, 2023",0.028,29.0657534246575,30.9123287671233,"K","K. Nagasawa","Nagoya Grampus",2021,34
"195","Akinari","Kawazura",28,78,1994-05-03,2022-01-09,"Jan 31, 2023",0.025,27.6876712328767,28.5342465753425,"A","A. Kawazura","Nagoya Grampus",2021,34
"196","Manabu","Saito",32,25,1990-04-04,2021-01-09,"Dec 31, 2023",0.008,30.7671232876712,32.613698630137,"M","M. Saito","Nagoya Grampus",2021,34
"197","Jin-hyeon","Kim",35,2947,1987-07-06,2009-01-01,"Jan 31, 2023",0.963,21.4904109589041,35.358904109589,"J","J. Kim","Cerezo Osaka",2021,34
"198","Riku","Matsuda",31,2924,1991-07-24,2016-01-08,"Jan 31, 2023",0.956,24.4590163934426,31.3095890410959,"R","R. Matsuda","Cerezo Osaka",2021,34
"199","Hiroaki","Okuno",33,2667,1989-08-14,2019-01-04,"Jan 31, 2023",0.872,29.3917808219178,33.2520547945205,"H","H. Okuno","Cerezo Osaka",2021,34
"200","Matej","Jonjic",31,2328,1991-01-29,2022-02-17,"Jan 31, 2023",0.761,31.0520547945205,31.7917808219178,"M","M. Jonjic","Cerezo Osaka",2021,34
"201","Ryuya","Nishio",21,1989,2001-05-16,2020-02-01,"Jan 31, 2026",0.65,18.7131147540984,21.4986301369863,"R","R. Nishio","Cerezo Osaka",2021,34
"202","Seiya","Maikuma",25,1776,1997-10-16,2022-01-09,"Jan 31, 2023",0.58,24.2328767123288,25.0794520547945,"S","S. Maikuma","Cerezo Osaka",2021,34
"203","Ryosuke","Yamanaka",29,1716,1993-04-20,2022-01-09,"Jan 31, 2023",0.561,28.7232876712329,29.5698630136986,"R","R. Yamanaka","Cerezo Osaka",2021,34
"204","Koji","Toriumi",27,1640,1995-05-09,2021-01-09,"Jan 31, 2023",0.536,25.6712328767123,27.5178082191781,"K","K. Toriumi","Cerezo Osaka",2021,34
"205","Riki","Harakawa",29,1535,1993-08-18,2021-01-09,"Jan 31, 2023",0.502,27.3945205479452,29.241095890411,"R","R. Harakawa","Cerezo Osaka",2021,34
"206","Hiroshi","Kiyotake",33,1517,1989-11-12,2017-02-01,"Jan 31, 2024",0.496,27.2219178082192,33.0054794520548,"H","H. Kiyotake","Cerezo Osaka",2021,34
"207","Hirotaka","Tameda",29,1489,1993-08-24,2021-01-09,"Jan 31, 2023",0.487,27.3780821917808,29.2246575342466,"H","H. Tameda","Cerezo Osaka",2021,34
"208","Tokuma","Suzuki",25,1453,1997-03-12,2022-01-09,"Jan 31, 2023",0.475,24.8301369863014,25.6767123287671,"T","T. Suzuki","Cerezo Osaka",2021,34
"209","Mutsuki","Kato",25,1273,1997-08-06,2021-01-09,"Jan 31, 2023",0.416,23.427397260274,25.2739726027397,"M","M. Kato","Cerezo Osaka",2021,34
"210","Hikaru","Nakahara",26,1119,1996-07-08,2022-01-09,"Jan 31, 2023",0.366,25.5068493150685,26.3534246575342,"H","H. Nakahara","Cerezo Osaka",2021,34
"211","Hiroto","Yamada",22,1032,2000-03-07,2018-02-01,"Jan 31, 2025",0.337,17.9068493150685,22.6904109589041,"H","H. Yamada","Cerezo Osaka",2021,34
"212","Jean","Patric",25,1028,1997-05-14,2022-01-05,"Jan 31, 2023",0.336,24.6465753424658,25.5041095890411,"J","J. Patric","Cerezo Osaka",2021,34
"213","Adam","Taggart",29,934,1993-06-02,2021-01-09,"Jan 31, 2023",0.305,27.6054794520548,29.4520547945205,"A","A. Taggart","Cerezo Osaka",2021,34
"214","Satoki","Uejo",25,786,1997-04-27,2022-01-09,"Jan 31, 2023",0.257,24.7041095890411,25.5506849315069,"S","S. Uejo","Cerezo Osaka",2021,34
"215","Kakeru","Funaki",24,778,1998-04-13,2017-02-01,"Jan 31, 2023",0.254,18.8054794520548,24.5890410958904,"K","K. Funaki","Cerezo Osaka",2021,34
"216","Bruno","Mendes",28,736,1994-08-02,2022-02-01,"Jan 31, 2023",0.241,27.5013698630137,28.2849315068493,"B","B. Mendes","Cerezo Osaka",2021,34
"217","Sota","Kitano",18,582,2004-08-13,NA,"-",0.19,NA,18.2547945205479,"S","S. Kitano","Cerezo Osaka",2021,34
"218","Yusuke","Maruhashi",32,429,1990-09-02,2009-02-01,"Jan 31, 2023",0.14,18.4164383561644,32.2,"Y","Y. Maruhashi","Cerezo Osaka",2021,34
"219","Ryosuke","Shindo",26,363,1996-06-07,2021-01-09,"Jan 31, 2023",0.119,24.5917808219178,26.4383561643836,"R","R. Shindo","Cerezo Osaka",2021,34
"220","Takashi","Inui",34,332,1988-06-02,2021-08-31,"Jan 31, 2023",0.108,33.2465753424658,34.4520547945205,"T","T. Inui","Cerezo Osaka",2021,34
"221","Keisuke","Shimizu",33,109,1988-11-25,2022-01-09,"Jan 31, 2023",0.036,33.1232876712329,33.9698630136986,"K","K. Shimizu","Cerezo Osaka",2021,34
"222","Haruki","Arai",24,104,1998-04-12,2021-07-01,"Jun 30, 2023",0.034,23.2191780821918,24.5917808219178,"H","H. Arai","Cerezo Osaka",2021,34
"223","Hinata","Kida",22,74,2000-07-04,2018-08-31,"Jan 31, 2023",0.024,18.158904109589,22.3643835616438,"H","H. Kida","Cerezo Osaka",2021,34
"224","Nelson","Ishiwatari",17,44,2005-05-10,NA,"-",0.014,NA,17.5150684931507,"N","N. Ishiwatari","Cerezo Osaka",2021,34
"225","Genta","Miura",27,2845,1995-03-01,2017-01-06,"-",0.93,21.8520547945205,27.7068493150685,"G","G. Miura","Gamba Osaka",2021,34
"226","Keisuke","Kurokawa",25,2280,1997-04-13,2020-02-01,"-",0.745,22.8032786885246,25.5890410958904,"K","K. Kurokawa","Gamba Osaka",2021,34
"227","Gen","Shoji",29,2104,1992-12-11,2020-02-03,"Jan 31, 2025",0.688,27.1475409836066,29.9260273972603,"G","G. Shoji","Gamba Osaka",2021,34
"228","Kosuke","Onose",29,1978,1993-04-22,2018-07-31,"Jan 31, 2023",0.646,25.2739726027397,29.5643835616438,"K","K. Onose","Gamba Osaka",2021,34
"229",NA,"Dawhan",26,1911,1996-06-03,2022-01-30,"Dec 31, 2022",0.625,25.6602739726027,26.4493150684931,"","Dawhan","Gamba Osaka",2021,34
"230",NA,"Patric",35,1876,1987-10-26,2020-01-06,"-",0.613,32.1967213114754,35.0520547945206,"","Patric","Gamba Osaka",2021,34
"231","Ryu","Takao",26,1830,1996-11-09,2019-02-01,"-",0.598,22.2301369863014,26.013698630137,"R","R. Takao","Gamba Osaka",2021,34
"232","Masaaki","Higashiguchi",36,1710,1986-05-12,2014-01-01,"-",0.559,27.641095890411,36.5095890410959,"M","M. Higashiguchi","Gamba Osaka",2021,34
"233","Mitsuki","Saito",23,1695,1999-01-10,2022-02-01,"Jan 31, 2023",0.554,23.0602739726027,23.8438356164384,"M","M. Saito","Gamba Osaka",2021,34
"234","Hiroto","Yamami",23,1177,1999-08-16,2022-02-01,"-",0.385,22.4630136986301,23.2465753424658,"H","H. Yamami","Gamba Osaka",2021,34
"235","Kyung-won","Kwon",30,1140,1992-01-31,2022-01-09,"Jan 31, 2023",0.373,29.9397260273973,30.786301369863,"K","K. Kwon","Gamba Osaka",2021,34
"236","Kohei","Okuno",22,1132,2000-04-03,2019-02-01,"-",0.37,18.8328767123288,22.6164383561644,"K","K. Okuno","Gamba Osaka",2021,34
"237","Shu","Kurata",33,1080,1988-11-23,2007-02-01,"-",0.353,18.1917808219178,33.9753424657534,"S","S. Kurata","Gamba Osaka",2021,34
"238","Hiroki","Fujiharu",33,1077,1988-11-28,2011-02-01,"-",0.352,22.1780821917808,33.9616438356164,"H","H. Fujiharu","Gamba Osaka",2021,34
"239","Leandro","Pereira",31,1008,1991-07-03,2021-01-22,"-",0.329,29.5561643835616,31.3671232876712,"L","L. Pereira","Gamba Osaka",2021,34
"240","Hideki","Ishige",28,923,1994-09-21,2022-02-01,"Jan 31, 2023",0.302,27.3643835616438,28.1479452054795,"H","H. Ishige","Gamba Osaka",2021,34
"241","Yuki","Yamamoto",25,869,1997-11-06,2020-02-01,"-",0.284,22.2377049180328,25.0219178082192,"Y","Y. Yamamoto","Gamba Osaka",2021,34
"242","Juan","Alano",26,831,1996-09-02,2022-08-01,"Jan 31, 2024",0.272,25.9123287671233,26.2,"J","J. Alano","Gamba Osaka",2021,34
"243","Ryotaro","Meshino",24,827,1998-06-18,2022-07-11,"-",0.27,24.0630136986301,24.4082191780822,"R","R. Meshino","Gamba Osaka",2021,34
"244","Jun","Ichimori",31,810,1991-07-02,2020-01-04,"-",0.265,28.5081967213115,31.3698630136986,"J","J. Ichimori","Gamba Osaka",2021,34
"245","Ko","Yanagisawa",26,709,1996-06-28,2021-07-25,"Jan 31, 2023",0.232,25.0739726027397,26.3808219178082,"K","K. Yanagisawa","Gamba Osaka",2021,34
"246","Takashi","Usami",30,570,1992-05-06,2019-07-01,"-",0.186,27.1530054644809,30.5260273972603,"T","T. Usami","Gamba Osaka",2021,34
"247","Shota","Fukuoka",27,488,1995-10-24,2022-01-09,"Jan 31, 2023",0.159,26.2109589041096,27.0575342465753,"S","S. Fukuoka","Gamba Osaka",2021,34
"248","Kei","Ishikawa",30,450,1992-09-30,2020-01-06,"-",0.147,27.2677595628415,30.1232876712329,"K","K. Ishikawa","Gamba Osaka",2021,34
"249","Jiro","Nakamura",19,440,2003-08-22,2022-02-01,"Jan 31, 2026",0.144,18.4465753424658,19.2301369863014,"J","J. Nakamura","Gamba Osaka",2021,34
"250","Yuya","Fukuda",23,415,1999-04-04,2018-02-01,"-",0.136,18.8301369863014,23.613698630137,"Y","Y. Fukuda","Gamba Osaka",2021,34
"251","Isa","Sakamoto",19,414,2003-08-26,2022-02-01,"-",0.135,18.4356164383562,19.2191780821918,"I","I. Sakamoto","Gamba Osaka",2021,34
"252","Musashi","Suzuki",28,310,1994-02-11,2022-07-11,"Jan 31, 2024",0.101,28.4109589041096,28.7561643835616,"M","M. Suzuki","Gamba Osaka",2021,34
"253","Wellington","Silva",29,184,1993-01-06,2021-03-25,"-",0.06,28.213698630137,29.8547945205479,"W","W. Silva","Gamba Osaka",2021,34
"254","Se-jong","Ju",32,182,1990-10-30,2021-01-05,"Dec 31, 2022",0.059,30.1835616438356,32.041095890411,"S","S. Ju","Gamba Osaka",2021,34
"255","Harumi","Minamino",18,91,2004-05-13,NA,"-",0.03,NA,18.5068493150685,"H","H. Minamino","Gamba Osaka",2021,34
"256","Taichi","Kato",25,90,1997-04-14,2022-02-01,"-",0.029,24.8027397260274,25.586301369863,"T","T. Kato","Gamba Osaka",2021,34
"257","Yota","Sato",24,43,1998-09-10,2021-02-01,"Jan 31, 2023",0.014,22.3945205479452,24.1780821917808,"Y","Y. Sato","Gamba Osaka",2021,34
"258","Rihito","Yamamoto",20,23,2001-12-12,2022-07-24,"Jan 31, 2023",0.008,20.613698630137,20.9232876712329,"R","R. Yamamoto","Gamba Osaka",2021,34
"259","Sho","Sasaki",33,2984,1989-10-02,2015-01-10,"Jan 31, 2023",0.975,25.2739726027397,33.1178082191781,"S","S. Sasaki","Sanfrecce Hiroshima",2021,34
"260","Hayato","Araki",26,2784,1996-08-07,2019-02-01,"Jan 31, 2023",0.91,22.4876712328767,26.2712328767123,"H","H. Araki","Sanfrecce Hiroshima",2021,34
"261","Tsukasa","Morishima",25,2530,1997-04-25,2016-02-01,"Jan 31, 2023",0.827,18.7704918032787,25.5561643835616,"T","T. Morishima","Sanfrecce Hiroshima",2021,34
"262","Keisuke","Osako",23,2520,1999-07-28,2018-02-01,"Jan 31, 2023",0.824,18.5150684931507,23.2986301369863,"K","K. Osako","Sanfrecce Hiroshima",2021,34
"263","Makoto","Mitsuta",23,2358,1999-07-20,2022-02-01,"-",0.771,22.5369863013699,23.3205479452055,"M","M. Mitsuta","Sanfrecce Hiroshima",2021,34
"264","Gakuto","Notsuda",28,2303,1994-06-06,2013-02-01,"Jan 31, 2023",0.753,18.6575342465753,28.441095890411,"G","G. Notsuda","Sanfrecce Hiroshima",2021,34
"265","Tsukasa","Shiotani",33,2263,1988-12-05,2021-10-01,"Jan 31, 2023",0.74,32.8219178082192,33.9424657534247,"T","T. Shiotani","Sanfrecce Hiroshima",2021,34
"266","Tomoya","Fujii",23,2105,1998-12-04,2021-02-01,"Jan 31, 2024",0.688,22.1616438356164,23.9452054794521,"T","T. Fujii","Sanfrecce Hiroshima",2021,34
"267","Yoshifumi","Kashiwa",35,1978,1987-07-28,2014-01-06,"Jan 31, 2023",0.646,26.4438356164384,35.2986301369863,"Y","Y. Kashiwa","Sanfrecce Hiroshima",2021,34
"268","Yuki","Nogami",31,1703,1991-04-20,2016-07-11,"Jan 31, 2024",0.557,25.2246575342466,31.5698630136986,"Y","Y. Nogami","Sanfrecce Hiroshima",2021,34
"269","Nassim","Ben",30,1427,1992-01-13,2022-04-25,"Jan 31, 2023",0.466,30.2794520547945,30.8356164383562,"N","N. Ben","Sanfrecce Hiroshima",2021,34
"270","Taishi","Matsumoto",24,1233,1998-08-22,2017-02-01,"Jan 31, 2023",0.403,18.4465753424658,24.2301369863014,"T","T. Matsumoto","Sanfrecce Hiroshima",2021,34
"271","Júnior","Santos",28,1196,1994-10-11,2021-02-01,"Dec 31, 2022",0.391,26.3095890410959,28.0931506849315,"J","J. Santos","Sanfrecce Hiroshima",2021,34
"272","Shunki","Higashi",22,925,2000-07-28,2018-09-02,"Jan 31, 2023",0.302,18.0986301369863,22.2986301369863,"S","S. Higashi","Sanfrecce Hiroshima",2021,34
"273","Takumu","Kawamura",23,695,1999-08-28,2018-02-01,"Jan 31, 2023",0.227,18.4301369863014,23.213698630137,"T","T. Kawamura","Sanfrecce Hiroshima",2021,34
"274","Yuya","Asano",25,574,1997-02-17,2019-08-15,"Jan 31, 2024",0.188,22.4904109589041,25.7397260273973,"Y","Y. Asano","Sanfrecce Hiroshima",2021,34
"275","Kosei","Shibasaki",38,561,1984-08-28,2014-01-07,"Jan 31, 2023",0.183,29.3616438356164,38.213698630137,"K","K. Shibasaki","Sanfrecce Hiroshima",2021,34
"276","Douglas","Vieira",35,483,1987-11-12,2019-01-05,"Jan 31, 2023",0.158,31.1479452054795,35.0054794520548,"D","D. Vieira","Sanfrecce Hiroshima",2021,34
"277","Takuto","Hayashi",40,450,1982-08-09,2014-01-05,"Jan 31, 2023",0.147,31.4082191780822,40.2657534246575,"T","T. Hayashi","Sanfrecce Hiroshima",2021,34
"278","Jelani","Reshaun",25,391,1997-10-05,2021-07-12,"Jan 31, 2023",0.128,23.7671232876712,25.1095890410959,"J","J. Reshaun","Sanfrecce Hiroshima",2021,34
"279","Toshihiro","Aoyama",36,375,1986-02-22,2004-02-01,"Jan 31, 2023",0.123,17.9424657534247,36.7260273972603,"T","T. Aoyama","Sanfrecce Hiroshima",2021,34
"280","Yusuke","Chajima",31,332,1991-07-20,2014-02-01,"Jan 31, 2023",0.108,22.5369863013699,31.3205479452055,"Y","Y. Chajima","Sanfrecce Hiroshima",2021,34
"281","Ryo","Nagai",31,306,1991-05-23,2020-01-04,"Jan 31, 2023",0.1,28.6174863387978,31.4794520547945,"R","R. Nagai","Sanfrecce Hiroshima",2021,34
"282","Pieros","Sotiriou",29,259,1993-01-13,2022-08-10,"Jan 31, 2025",0.085,29.572602739726,29.8356164383562,"P","P. Sotiriou","Sanfrecce Hiroshima",2021,34
"283",NA,"Ezequiel",24,238,1998-03-09,2020-01-11,"Jan 1, 2023",0.078,21.8415300546448,24.6849315068493,"","Ezequiel","Sanfrecce Hiroshima",2021,34
"284","Yuta","Imazu",27,122,1995-07-08,2021-01-09,"Jan 31, 2023",0.04,25.5068493150685,27.3534246575342,"Y","Y. Imazu","Sanfrecce Hiroshima",2021,34
"285","Shun","Ayukawa",21,103,2001-09-15,2020-02-01,"Jan 31, 2023",0.034,18.379781420765,21.1643835616438,"S","S. Ayukawa","Sanfrecce Hiroshima",2021,34
"286","Goro","Kawanami",31,90,1991-04-30,2021-01-09,"Jan 31, 2023",0.029,29.6958904109589,31.5424657534247,"G","G. Kawanami","Sanfrecce Hiroshima",2021,34
"287","Taishi","Semba",23,90,1999-08-19,2022-02-01,"Jan 31, 2023",0.029,22.4547945205479,23.2383561643836,"T","T. Semba","Sanfrecce Hiroshima",2021,34
"288","Yoichi","Naganuma",25,78,1997-04-14,2016-02-01,"Jan 31, 2024",0.025,18.8005464480874,25.586301369863,"Y","Y. Naganuma","Sanfrecce Hiroshima",2021,34
"289","Ryo","Tanada",19,47,2003-06-19,2022-02-01,"-",0.015,18.6219178082192,19.4054794520548,"R","R. Tanada","Sanfrecce Hiroshima",2021,34
"290","Shuto","Nakano",22,34,2000-06-27,2022-02-03,"-",0.011,21.6054794520548,22.3835616438356,"S","S. Nakano","Sanfrecce Hiroshima",2021,34
"291","Shogo","Asada",24,2792,1998-07-06,2017-02-01,"Jan 31, 2023",0.912,18.5753424657534,24.358904109589,"S","S. Asada","Kyoto Sanga",2021,34
"292","Naoto","Kamifukumoto",32,2745,1989-11-17,2022-01-09,"Jan 31, 2023",0.897,32.1452054794521,32.9917808219178,"N","N. Kamifukumoto","Kyoto Sanga",2021,34
"293","Kosuke","Shirai",28,2582,1994-05-01,2022-02-01,"-",0.844,27.7561643835616,28.5397260273973,"K","K. Shirai","Kyoto Sanga",2021,34
"294","Shohei","Takeda",28,2338,1994-04-04,2021-02-01,"Jan 31, 2023",0.764,26.8301369863014,28.613698630137,"S","S. Takeda","Kyoto Sanga",2021,34
"295","Sota","Kawasaki",21,2173,2001-07-30,2020-02-01,"Jan 31, 2023",0.71,18.5081967213115,21.2931506849315,"S","S. Kawasaki","Kyoto Sanga",2021,34
"296","Peter","Utaka",38,2106,1984-02-12,2020-01-04,"Jan 31, 2023",0.688,35.8931506849315,38.7534246575342,"P","P. Utaka","Kyoto Sanga",2021,34
"297","Rikito","Inoue",25,2006,1997-03-09,2022-01-09,"Jan 31, 2023",0.656,24.8383561643836,25.6849315068493,"R","R. Inoue","Kyoto Sanga",2021,34
"298","Temma","Matsuda",27,1892,1995-06-11,2021-01-09,"Jan 31, 2023",0.618,25.5808219178082,27.427397260274,"T","T. Matsuda","Kyoto Sanga",2021,34
"299","Shimpei","Fukuoka",22,1775,2000-06-27,2019-02-01,"Jan 31, 2023",0.58,18.6,22.3835616438356,"S","S. Fukuoka","Kyoto Sanga",2021,34
"300","Kosuke","Taketomi",32,1591,1990-09-23,2021-01-09,"Jan 31, 2023",0.52,30.2958904109589,32.1424657534247,"K","K. Taketomi","Kyoto Sanga",2021,34
"301","Takuya","Ogiwara",22,1460,1999-11-23,2021-02-01,"Jan 31, 2023",0.477,21.1917808219178,22.9753424657534,"T","T. Ogiwara","Kyoto Sanga",2021,34
"302","Hisashi","Appiah",24,1349,1998-10-18,2022-01-09,"Jan 31, 2023",0.441,23.227397260274,24.0739726027397,"H","H. Appiah","Kyoto Sanga",2021,34
"303","Daiki","Kaneko",24,1134,1998-08-28,2022-02-01,"Jan 31, 2023",0.371,23.4301369863014,24.213698630137,"D","D. Kaneko","Kyoto Sanga",2021,34
"304","Yuta","Toyokawa",28,1085,1994-09-09,2022-01-09,"Jan 31, 2023",0.355,27.3342465753425,28.1808219178082,"Y","Y. Toyokawa","Kyoto Sanga",2021,34
"305",NA,"Mendes",27,956,1995-04-25,2022-01-09,"Jan 31, 2023",0.312,26.7095890410959,27.5561643835616,"","Mendes","Kyoto Sanga",2021,34
"306","Ryogo","Yamasaki",30,722,1992-09-20,2022-01-09,"Jan 31, 2023",0.236,29.3041095890411,30.1506849315068,"R","R. Yamasaki","Kyoto Sanga",2021,34
"307","Yuki","Honda",31,616,1991-01-02,2016-01-04,"Jan 31, 2023",0.201,25.0054644808743,31.8657534246575,"Y","Y. Honda","Kyoto Sanga",2021,34
"308","Fuki","Yamada",21,598,2001-07-10,2020-02-01,"Jan 31, 2023",0.195,18.5628415300546,21.3479452054795,"F","F. Yamada","Kyoto Sanga",2021,34
"309","Takumi","Miyayoshi",30,577,1992-08-07,2019-01-04,"Jan 31, 2023",0.189,26.4109589041096,30.2712328767123,"T","T. Miyayoshi","Kyoto Sanga",2021,34
"310","Daigo","Araki",28,549,1994-02-17,2020-01-04,"Jan 31, 2023",0.179,25.8794520547945,28.7397260273973,"D","D. Araki","Kyoto Sanga",2021,34
"311","Kyo","Sato",22,378,2000-03-21,2022-06-14,"Jan 31, 2023",0.124,22.2328767123288,22.6520547945205,"K","K. Sato","Kyoto Sanga",2021,34
"312","Genki","Omae",32,373,1989-12-10,2022-01-09,"Jan 31, 2023",0.122,32.0821917808219,32.9287671232877,"G","G. Omae","Kyoto Sanga",2021,34
"313","Takahiro","Iida",28,367,1994-08-31,2020-01-04,"Jan 31, 2023",0.12,25.344262295082,28.2054794520548,"T","T. Iida","Kyoto Sanga",2021,34
"314","Kazuma","Nagai",24,333,1998-11-02,2021-02-01,"Jan 31, 2023",0.109,22.2493150684931,24.0328767123288,"K","K. Nagai","Kyoto Sanga",2021,34
"315","Tomoya","Wakahara",22,315,1999-12-28,2018-02-01,"Jan 31, 2023",0.103,18.0958904109589,22.8794520547945,"T","T. Wakahara","Kyoto Sanga",2021,34
"316","Yudai","Kimura",21,287,2001-02-28,2022-02-03,"-",0.094,20.9315068493151,21.7095890410959,"Y","Y. Kimura","Kyoto Sanga",2021,34
"317","Paulinho","Bóia",24,159,1998-06-26,2022-08-10,"Jun 30, 2023",0.052,24.1232876712329,24.386301369863,"P","P. Bóia","Kyoto Sanga",2021,34
"318","Origbaajo","Ismaila",24,149,1998-08-04,2021-07-14,"Jan 31, 2023",0.049,22.9424657534247,24.2794520547945,"O","O. Ismaila","Kyoto Sanga",2021,34
"319","Naoto","Misawa",27,70,1995-07-07,2021-01-09,"Jan 31, 2023",0.023,25.5095890410959,27.3561643835616,"N","N. Misawa","Kyoto Sanga",2021,34
"320","Keita","Nakano",20,29,2002-08-27,2021-02-01,"Jan 31, 2024",0.009,18.4328767123288,20.2164383561644,"K","K. Nakano","Kyoto Sanga",2021,34
"321","Quenten","Martinus",31,27,1991-03-07,2022-01-09,"Jan 31, 2023",0.009,30.8438356164384,31.6904109589041,"Q","Q. Martinus","Kyoto Sanga",2021,34
"322",NA,"Alan",25,23,1997-04-04,2022-08-04,"Jan 31, 2024",0.008,25.3342465753425,25.613698630137,"","Alan","Kyoto Sanga",2021,34
"323","Kazuki","Tanaka",22,15,2000-01-13,2022-02-01,"-",0.005,22.0520547945205,22.8356164383562,"K","K. Tanaka","Kyoto Sanga",2021,34
"324","Jakub","Slowik",31,2970,1991-08-31,2022-01-09,"Jan 31, 2023",0.971,30.358904109589,31.2054794520548,"J","J. Slowik","FC Tokyo",2021,34
"325","Yasuki","Kimoto",29,2954,1993-08-06,2022-01-09,"Jan 31, 2023",0.965,28.427397260274,29.2739726027397,"Y","Y. Kimoto","FC Tokyo",2021,34
"326","Masato","Morishige",35,2513,1987-05-21,2010-01-04,"Jan 31, 2023",0.821,22.6246575342466,35.4849315068493,"M","M. Morishige","FC Tokyo",2021,34
"327","Kuryu","Matsuki",19,2433,2003-04-30,2022-02-01,"Jan 31, 2024",0.795,18.758904109589,19.5424657534247,"K","K. Matsuki","FC Tokyo",2021,34
"328","Yuto","Nagatomo",36,2222,1986-09-12,2021-09-12,"Jan 31, 2023",0.726,35,36.172602739726,"Y","Y. Nagatomo","FC Tokyo",2021,34
"329","Diego","Oliveira",32,2179,1990-06-22,2019-01-01,"Jan 31, 2023",0.712,28.5287671232877,32.3972602739726,"D","D. Oliveira","FC Tokyo",2021,34
"330","Shuto","Abe",24,2133,1997-12-05,2020-02-01,"Jan 31, 2023",0.697,22.1584699453552,24.9424657534247,"S","S. Abe","FC Tokyo",2021,34
"331","Ryoma","Watanabe",26,1949,1996-10-02,2021-01-09,"Jan 31, 2023",0.637,24.2712328767123,26.1178082191781,"R","R. Watanabe","FC Tokyo",2021,34
"332",NA,"Adaílton",31,1678,1990-12-06,2020-01-04,"Jan 31, 2023",0.548,29.0792349726776,31.9397260273973,"","Adaílton","FC Tokyo",2021,34
"333","Keigo","Higashi",32,1602,1990-07-20,2013-02-01,"Jan 31, 2023",0.524,22.5369863013699,32.3205479452055,"K","K. Higashi","FC Tokyo",2021,34
"334","Takuya","Aoki",33,1327,1989-09-16,2021-01-09,"Jan 31, 2023",0.434,31.3150684931507,33.1616438356164,"T","T. Aoki","FC Tokyo",2021,34
"335","Ryoya","Ogawa",25,1268,1996-11-24,2015-02-01,"Jun 30, 2023",0.414,18.1890410958904,25.972602739726,"R","R. Ogawa","FC Tokyo",2021,34
"336","Kashif","Bangnagande",21,1252,2001-09-24,2020-02-01,"Jan 31, 2023",0.409,18.3551912568306,21.1397260273973,"K","K. Bangnagande","FC Tokyo",2021,34
"337","Kazuya","Konno",25,1119,1997-07-11,2020-02-01,"Jan 31, 2023",0.366,22.5601092896175,25.3452054794521,"K","K. Konno","FC Tokyo",2021,34
"338",NA,"Leandro",29,1089,1993-05-12,2021-01-09,"Jan 31, 2023",0.356,27.6630136986301,29.5095890410959,"","Leandro","FC Tokyo",2021,34
"339","Kensuke","Nagai",33,1056,1989-03-05,2017-01-06,"Jan 31, 2024",0.345,27.841095890411,33.6958904109589,"K","K. Nagai","FC Tokyo",2021,34
"340","Hotaka","Nakamura",25,983,1997-08-12,2020-02-01,"Jan 31, 2023",0.321,22.4726775956284,25.2575342465753,"H","H. Nakamura","FC Tokyo",2021,34
"341","Koki","Tsukagawa",28,772,1994-07-16,2022-07-22,"Jan 31, 2023",0.252,28.0164383561644,28.3315068493151,"K","K. Tsukagawa","FC Tokyo",2021,34
"342","Luiz","Phellype",29,451,1993-09-27,2022-07-19,"Jun 30, 2023",0.147,28.8082191780822,29.1315068493151,"L","L. Phellype","FC Tokyo",2021,34
"343","Henrique","Trevisan",25,415,1997-01-20,2022-01-09,"Jan 31, 2023",0.136,24.9698630136986,25.8164383561644,"H","H. Trevisan","FC Tokyo",2021,34
"344","Hirotaka","Mita",32,341,1990-09-14,2019-07-17,"Jan 31, 2023",0.111,28.8383561643836,32.1671232876712,"H","H. Mita","FC Tokyo",2021,34
"345","Keita","Yamashita",26,226,1996-03-13,2022-01-09,"Jan 31, 2023",0.074,25.827397260274,26.6739726027397,"K","K. Yamashita","FC Tokyo",2021,34
"346","Makoto","Okazaki",24,169,1998-10-10,2017-02-01,"Jan 31, 2023",0.055,18.3123287671233,24.0958904109589,"M","M. Okazaki","FC Tokyo",2021,34
"347","Yuki","Kajiura",18,144,2004-01-02,2022-02-01,"-",0.047,18.0821917808219,18.8657534246575,"Y","Y. Kajiura","FC Tokyo",2021,34
"348","Seiji","Kimura",21,141,2001-08-24,2020-02-01,"Jan 31, 2023",0.046,18.4398907103825,21.2246575342466,"S","S. Kimura","FC Tokyo",2021,34
"349","Go","Hatano",24,90,1998-05-25,2017-02-01,"Jan 31, 2023",0.029,18.6904109589041,24.4739726027397,"G","G. Hatano","FC Tokyo",2021,34
"350","Yojiro","Takahagi",36,63,1986-08-02,2017-01-19,"Jan 31, 2023",0.021,30.4657534246575,36.2849315068493,"Y","Y. Takahagi","FC Tokyo",2021,34
"351","Junya","Suzuki",26,33,1996-01-07,2021-07-12,"Jan 31, 2023",0.011,25.5095890410959,26.8520547945205,"J","J. Suzuki","FC Tokyo",2021,34
"352","Manato","Shinada",23,27,1999-09-19,2018-02-01,"Jan 31, 2023",0.009,18.3698630136986,23.1534246575342,"M","M. Shinada","FC Tokyo",2021,34
"353","Kojiro","Yasuda",19,7,2003-08-14,2022-02-01,"-",0.002,18.4684931506849,19.2520547945205,"K","K. Yasuda","FC Tokyo",2021,34
"354","Hiroyuki","Mae",27,3004,1995-08-01,2020-01-04,"Jan 31, 2023",0.982,24.4262295081967,27.2876712328767,"H","H. Mae","Avispa Fukuoka",2021,34
"355","Takaaki","Shichi",28,2782,1993-12-27,2021-01-09,"Jan 31, 2023",0.909,27.0356164383562,28.8821917808219,"T","T. Shichi","Avispa Fukuoka",2021,34
"356","Yuya","Yamagishi",29,2616,1993-08-29,2020-10-06,"Jan 31, 2023",0.855,27.1041095890411,29.2109589041096,"Y","Y. Yamagishi","Avispa Fukuoka",2021,34
"357","Masaaki","Murakami",30,2424,1992-08-07,2020-02-01,"Jan 31, 2023",0.792,27.4863387978142,30.2712328767123,"M","M. Murakami","Avispa Fukuoka",2021,34
"358","Daiki","Miya",26,2358,1996-04-01,2021-01-09,"Jan 31, 2023",0.771,24.7753424657534,26.6219178082192,"D","D. Miya","Avispa Fukuoka",2021,34
"359",NA,"Lukian",31,2177,1991-09-21,2022-01-09,"Jan 31, 2023",0.711,30.3013698630137,31.1479452054795,"","Lukian","Avispa Fukuoka",2021,34
"360","Douglas","Grolli",33,2105,1989-10-05,2020-02-18,"Jan 31, 2023",0.688,30.3715846994536,33.1095890410959,"D","D. Grolli","Avispa Fukuoka",2021,34
"361","Shun","Nakamura",28,2075,1994-02-24,2021-07-13,"-",0.678,27.3808219178082,28.7205479452055,"S","S. Nakamura","Avispa Fukuoka",2021,34
"362","Tatsuki","Nara",29,1980,1993-09-19,2022-02-01,"Jan 31, 2023",0.647,28.3698630136986,29.1534246575342,"T","T. Nara","Avispa Fukuoka",2021,34
"363","Jordy","Croux",28,1973,1994-01-15,2021-01-08,"Jan 31, 2023",0.645,26.9808743169399,28.8301369863014,"J","J. Croux","Avispa Fukuoka",2021,34
"364","Masato","Yuzawa",29,1466,1993-10-10,2020-01-04,"Jan 31, 2023",0.479,26.2349726775956,29.0958904109589,"M","M. Yuzawa","Avispa Fukuoka",2021,34
"365","Juanma","Delgado",31,1432,1990-11-17,2020-01-04,"Jan 31, 2023",0.468,29.1311475409836,31.9917808219178,"J","J. Delgado","Avispa Fukuoka",2021,34
"366","Yota","Maejima",25,1403,1997-08-12,2022-01-09,"Jan 31, 2023",0.458,24.4109589041096,25.2575342465753,"Y","Y. Maejima","Avispa Fukuoka",2021,34
"367","Tatsuya","Tanaka",30,1046,1992-06-09,2022-01-09,"Jan 31, 2023",0.342,29.586301369863,30.4328767123288,"T","T. Tanaka","Avispa Fukuoka",2021,34
"368","Sotan","Tanabe",32,885,1990-04-06,2019-01-01,"Jan 31, 2023",0.289,28.7397260273973,32.6082191780822,"S","S. Tanabe","Avispa Fukuoka",2021,34
"369","Takeshi","Kanamori",28,805,1994-04-04,2021-02-18,"Jan 31, 2023",0.263,26.8767123287671,28.613698630137,"T","T. Kanamori","Avispa Fukuoka",2021,34
"370","Takumi","Nagaishi",26,636,1996-02-16,2022-02-01,"-",0.208,25.958904109589,26.7424657534247,"T","T. Nagaishi","Avispa Fukuoka",2021,34
"371","Takahiro","Yanagi",25,449,1997-08-05,2022-03-28,"Jan 31, 2023",0.147,24.6438356164384,25.2767123287671,"T","T. Yanagi","Avispa Fukuoka",2021,34
"372","Daiki","Watari",29,338,1993-06-25,2021-01-09,"Jan 31, 2023",0.11,27.5424657534247,29.3890410958904,"D","D. Watari","Avispa Fukuoka",2021,34
"373","Yuji","Kitajima",22,300,2000-08-04,2019-02-01,"Jan 31, 2023",0.098,18.4958904109589,22.2794520547945,"Y","Y. Kitajima","Avispa Fukuoka",2021,34
"374","John","Mary",29,281,1993-03-09,2022-07-11,"Jan 31, 2023",0.092,29.3397260273973,29.6849315068493,"J","J. Mary","Avispa Fukuoka",2021,34
"375","Yuto","Hiratsuka",26,265,1996-04-13,2022-08-01,"Jan 31, 2024",0.087,26.3013698630137,26.5890410958904,"Y","Y. Hiratsuka","Avispa Fukuoka",2021,34
"376","Yuta","Kumamoto",27,230,1995-07-18,2022-01-09,"Jan 31, 2023",0.075,26.4794520547945,27.3260273972603,"Y","Y. Kumamoto","Avispa Fukuoka",2021,34
"377","Kennedy","Egbus",22,185,2000-06-23,2019-02-01,"Jan 31, 2023",0.06,18.6109589041096,22.3945205479452,"K","K. Egbus","Avispa Fukuoka",2021,34
"378","Hisashi","Jogo",36,144,1986-04-16,2005-02-01,"Jan 31, 2023",0.047,18.7972602739726,36.5808219178082,"H","H. Jogo","Avispa Fukuoka",2021,34
"379","Taro","Sugimoto",26,116,1996-02-12,2021-01-09,"Jan 31, 2024",0.038,24.9071038251366,26.7534246575342,"T","T. Sugimoto","Avispa Fukuoka",2021,34
"380","Takuya","Shigehiro",27,77,1995-05-05,2020-01-04,"Jan 31, 2023",0.025,24.6666666666667,27.5287671232877,"T","T. Shigehiro","Avispa Fukuoka",2021,34
"381","Naoki","Wako",32,52,1989-11-26,2018-01-05,"Jan 31, 2023",0.017,28.1095890410959,32.9671232876712,"N","N. Wako","Avispa Fukuoka",2021,34
"382","Shunta","Tanaka",25,2847,1997-05-26,2020-02-01,"Jan 31, 2024",0.93,22.6857923497268,25.4712328767123,"S","S. Tanaka","Consadole Sapporo",2021,34
"383","Yoshiaki","Komai",30,2556,1992-06-06,2019-02-01,"Jan 31, 2023",0.835,26.6575342465753,30.441095890411,"Y","Y. Komai","Consadole Sapporo",2021,34
"384","Daiki","Suga",24,2458,1998-09-10,2017-02-01,"Jan 31, 2023",0.803,18.3945205479452,24.1780821917808,"D","D. Suga","Consadole Sapporo",2021,34
"385","Takanori","Sugeno",38,2355,1984-05-03,2020-02-01,"Jan 31, 2023",0.77,35.7486338797814,38.5342465753425,"T","T. Sugeno","Consadole Sapporo",2021,34
"386","Lucas","Fernandes",28,2261,1994-04-24,2020-01-06,"Jan 31, 2023",0.739,25.7021857923497,28.558904109589,"L","L. Fernandes","Consadole Sapporo",2021,34
"387","Tomoki","Takamine",24,2244,1997-12-29,2020-02-01,"Jan 31, 2023",0.733,22.0928961748634,24.8767123287671,"T","T. Takamine","Consadole Sapporo",2021,34
"388","Takuro","Kaneko",25,2165,1997-07-30,2020-02-01,"Jan 31, 2025",0.708,22.5081967213115,25.2931506849315,"T","T. Kaneko","Consadole Sapporo",2021,34
"389","Daihachi","Okamura",25,1998,1997-02-15,2021-01-09,"Jan 31, 2023",0.653,23.8989071038251,25.7452054794521,"D","D. Okamura","Consadole Sapporo",2021,34
"390","Ryota","Aoki",26,1964,1996-03-06,2021-02-01,"Jan 31, 2023",0.642,24.9095890410959,26.6931506849315,"R","R. Aoki","Consadole Sapporo",2021,34
"391","Takuma","Arano",29,1786,1993-04-20,2012-02-01,"Jan 31, 2023",0.584,18.7841530054645,29.5698630136986,"T","T. Arano","Consadole Sapporo",2021,34
"392","Hiroki","Miyazawa",33,1743,1989-06-28,2008-02-01,"Jan 31, 2023",0.57,18.5956284153005,33.3808219178082,"H","H. Miyazawa","Consadole Sapporo",2021,34
"393","Akito","Fukumori",29,1715,1992-12-16,2017-02-01,"Jan 31, 2025",0.56,24.1287671232877,29.9123287671233,"A","A. Fukumori","Consadole Sapporo",2021,34
"394","Shinzo","Koroki",36,1348,1986-07-31,2022-02-01,"Jan 31, 2023",0.441,35.5068493150685,36.2904109589041,"S","S. Koroki","Consadole Sapporo",2021,34
"395","Gabriel","Xavier",29,1332,1993-07-15,2022-01-17,"Jan 1, 2023",0.435,28.5095890410959,29.3342465753425,"G","G. Xavier","Consadole Sapporo",2021,34
"396","Kazuki","Fukai",27,1164,1995-03-11,2013-02-01,"Jan 31, 2023",0.38,17.8958904109589,27.6794520547945,"K","K. Fukai","Consadole Sapporo",2021,34
"397","Tsuyoshi","Ogashiwa",24,880,1998-07-09,2021-02-01,"Jan 31, 2024",0.288,22.5671232876712,24.3506849315068,"T","T. Ogashiwa","Consadole Sapporo",2021,34
"398","Kojiro","Nakano",23,434,1999-03-05,2021-02-01,"Jan 31, 2026",0.142,21.9123287671233,23.6958904109589,"K","K. Nakano","Consadole Sapporo",2021,34
"399","Milan","Tucic",26,391,1996-08-15,2021-08-11,"Jan 31, 2023",0.128,24.9890410958904,26.2493150684931,"M","M. Tucic","Consadole Sapporo",2021,34
"400","Toya","Nakamura",22,356,2000-07-23,2019-02-01,"Jan 31, 2023",0.116,18.5287671232877,22.3123287671233,"T","T. Nakamura","Consadole Sapporo",2021,34
"401","Daigo","Nishi",35,345,1987-08-28,2022-02-04,"Jan 31, 2023",0.113,34.4383561643836,35.213698630137,"D","D. Nishi","Consadole Sapporo",2021,34
"402","Koki","Otani",33,266,1989-04-08,2021-01-09,"Jan 31, 2023",0.087,31.7561643835616,33.6027397260274,"K","K. Otani","Consadole Sapporo",2021,34
"403","Taika","Nakashima",20,262,2002-06-08,2021-02-01,"Jan 31, 2024",0.086,18.6520547945205,20.4356164383562,"T","T. Nakashima","Consadole Sapporo",2021,34
"404","Gun-hee","Kim",27,245,1995-02-22,2022-08-05,"-",0.08,27.4493150684931,27.7260273972603,"G","G. Kim","Consadole Sapporo",2021,34
"405",NA,"Douglas",27,174,1995-01-16,2021-02-01,"Jan 31, 2023",0.057,26.0438356164384,27.827397260274,"","Douglas","Consadole Sapporo",2021,34
"406","Takahiro","Yanagi",25,118,1997-08-05,2021-02-01,"Jan 31, 2023",0.039,23.4931506849315,25.2767123287671,"T","T. Yanagi","Consadole Sapporo",2021,34
"407","Supachok","Sarachat",24,93,1998-05-22,2022-07-01,"Dec 31, 2022",0.03,24.1095890410959,24.4821917808219,"S","S. Sarachat","Consadole Sapporo",2021,34
"408","Hiromu","Tanaka",23,25,1999-04-15,2022-02-01,"-",0.008,22.8,23.5835616438356,"H","H. Tanaka","Consadole Sapporo",2021,34
"409","Shinji","Ono",43,2,1979-09-27,2021-01-09,"Jan 31, 2023",0.001,41.2849315068493,43.1315068493151,"S","S. Ono","Consadole Sapporo",2021,34
"410","Makito","Ito",30,2880,1992-10-18,2022-02-01,"Jan 31, 2023",0.941,29.2904109589041,30.0739726027397,"M","M. Ito","Jubilo Iwata",2021,34
"411","Yuto","Suzuki",28,2700,1993-12-07,2021-02-01,"Jan 31, 2023",0.882,27.1534246575342,28.9369863013699,"Y","Y. Suzuki","Jubilo Iwata",2021,34
"412","Ryuki","Miura",30,2452,1992-05-17,2017-01-06,"Jan 31, 2023",0.801,24.641095890411,30.4958904109589,"R","R. Miura","Jubilo Iwata",2021,34
"413","Masaya","Matsumoto",27,2370,1995-01-25,2017-01-04,"Jan 31, 2023",0.775,21.9426229508197,27.8027397260274,"M","M. Matsumoto","Jubilo Iwata",2021,34
"414","Yasuhito","Endo",42,2303,1980-01-28,2022-02-01,"Jan 31, 2023",0.753,42.0109589041096,42.7945205479452,"Y","Y. Endo","Jubilo Iwata",2021,34
"415","Rikiya","Uehara",26,1963,1996-08-25,2015-02-01,"Jan 31, 2023",0.642,18.4383561643836,26.2219178082192,"R","R. Uehara","Jubilo Iwata",2021,34
"416","Kosuke","Yamamoto",33,1955,1989-10-29,2008-02-01,"Jan 31, 2023",0.639,18.2595628415301,33.0438356164384,"K","K. Yamamoto","Jubilo Iwata",2021,34
"417","Kenyu","Sugimoto",29,1779,1992-11-18,2022-02-01,"Jan 31, 2023",0.581,29.2054794520548,29.9890410958904,"K","K. Sugimoto","Jubilo Iwata",2021,34
"418","Norimichi","Yamamoto",27,1687,1995-07-25,2021-02-01,"Jan 31, 2023",0.551,25.5232876712329,27.3068493150685,"N","N. Yamamoto","Jubilo Iwata",2021,34
"419","Ricardo","Graça",25,1569,1997-02-16,2022-01-09,"Jan 31, 2024",0.513,24.8958904109589,25.7424657534247,"R","R. Graça","Jubilo Iwata",2021,34
"420","Kotaro","Omori",30,1482,1992-04-28,2020-01-05,"Jan 31, 2023",0.484,27.6885245901639,30.5479452054795,"K","K. Omori","Jubilo Iwata",2021,34
"421","Kentaro","Oi",38,1365,1984-05-14,2016-01-06,"Jan 31, 2023",0.446,31.6475409836066,38.5041095890411,"K","K. Oi","Jubilo Iwata",2021,34
"422","Daiki","Ogawa",31,1319,1991-10-16,2014-02-01,"Jan 31, 2024",0.431,22.2958904109589,31.0794520547945,"D","D. Ogawa","Jubilo Iwata",2021,34
"423","Yuki","Otsu",32,1138,1990-03-24,2021-01-15,"Jan 31, 2023",0.372,30.813698630137,32.6438356164384,"Y","Y. Otsu","Jubilo Iwata",2021,34
"424","Shota","Kaneko",27,1132,1995-05-02,2022-02-01,"Jan 31, 2023",0.37,26.7534246575342,27.5369863013699,"S","S. Kaneko","Jubilo Iwata",2021,34
"425","Ryo","Germain",27,1012,1995-04-19,2022-01-09,"Jan 31, 2023",0.331,26.7260273972603,27.572602739726,"R","R. Germain","Jubilo Iwata",2021,34
"426","Riku","Morioka",23,753,1998-11-20,2021-02-01,"Jan 31, 2023",0.246,22.2,23.9835616438356,"R","R. Morioka","Jubilo Iwata",2021,34
"427","Fabián","González",29,657,1992-11-23,2021-01-15,"Jan 31, 2023",0.215,28.1452054794521,29.9753424657534,"F","F. González","Jubilo Iwata",2021,34
"428","Mahiro","Yoshinaga",20,649,2002-03-20,2020-02-01,"Jan 31, 2023",0.212,17.8688524590164,20.6547945205479,"M","M. Yoshinaga","Jubilo Iwata",2021,34
"429","Naoki","Kanuma",24,616,1997-12-07,2021-01-09,"Jan 31, 2023",0.201,23.0904109589041,24.9369863013699,"N","N. Kanuma","Jubilo Iwata",2021,34
"430","Atsushi","Kurokawa",24,374,1998-02-04,2022-01-09,"Jan 31, 2023",0.122,23.9287671232877,24.7753424657534,"A","A. Kurokawa","Jubilo Iwata",2021,34
"431","Hiroki","Yamada",33,369,1988-12-27,2017-08-30,"Jan 31, 2023",0.121,28.6739726027397,33.8821917808219,"H","H. Yamada","Jubilo Iwata",2021,34
"432","Alexei","Coselev",28,338,1993-11-19,2021-03-01,"Jan 31, 2023",0.11,27.2794520547945,28.986301369863,"A","A. Coselev","Jubilo Iwata",2021,34
"433","Yuji","Kajikawa",31,270,1991-07-26,2022-01-09,"Jan 31, 2023",0.088,30.4575342465753,31.3041095890411,"Y","Y. Kajikawa","Jubilo Iwata",2021,34
"434","Ko","Matsubara",26,219,1996-08-30,2022-07-23,"-",0.072,25.8958904109589,26.2082191780822,"K","K. Matsubara","Jubilo Iwata",2021,34
"435","Yosuke","Furukawa",19,139,2003-07-16,2022-02-01,"Jan 31, 2025",0.045,18.5479452054795,19.3315068493151,"Y","Y. Furukawa","Jubilo Iwata",2021,34
"436","Yutaro","Hakamata",26,73,1996-06-24,2022-01-09,"Jan 31, 2023",0.024,25.5452054794521,26.3917808219178,"Y","Y. Hakamata","Jubilo Iwata",2021,34
"437",NA,"Dudu",25,17,1997-02-01,2022-01-09,"Jan 31, 2024",0.006,24.9369863013699,25.7835616438356,"","Dudu","Jubilo Iwata",2021,34
"438","Kensuke","Fujiwara",18,10,2003-12-21,2022-02-01,"Jan 31, 2025",0.003,18.1150684931507,18.8986301369863,"K","K. Fujiwara","Jubilo Iwata",2021,34
"439","Kosei","Tani",21,2790,2000-11-22,2020-02-01,"Jan 31, 2023",0.912,19.1939890710383,21.9780821917808,"K","K. Tani","Shonan Bellmare",2021,34
"440","Hirokazu","Ishihara",23,2501,1999-02-26,2017-02-01,"Jan 31, 2023",0.817,17.931693989071,23.7150684931507,"H","H. Ishihara","Shonan Bellmare",2021,34
"441","Daiki","Sugioka",24,2454,1998-09-08,2021-08-10,"Jan 31, 2023",0.802,22.9205479452055,24.1835616438356,"D","D. Sugioka","Shonan Bellmare",2021,34
"442","Yusuke","Segawa",28,2276,1994-02-07,2022-01-09,"Jan 31, 2023",0.744,27.9205479452055,28.7671232876712,"Y","Y. Segawa","Shonan Bellmare",2021,34
"443","Shuto","Machino",23,1792,1999-09-30,2021-01-09,"Jan 31, 2023",0.586,21.2767123287671,23.1232876712329,"S","S. Machino","Shonan Bellmare",2021,34
"444","Akimi","Barada",31,1784,1991-05-30,2020-01-04,"Jan 31, 2023",0.583,28.5983606557377,31.4602739726027,"A","A. Barada","Shonan Bellmare",2021,34
"445","Koki","Tachi",24,1767,1997-12-14,2020-02-01,"Jan 31, 2023",0.577,22.1338797814208,24.9178082191781,"K","K. Tachi","Shonan Bellmare",2021,34
"446","Shuto","Yamamoto",37,1576,1985-06-01,2021-01-09,"Jan 31, 2023",0.515,35.6082191780822,37.4547945205479,"S","S. Yamamoto","Shonan Bellmare",2021,34
"447","Kazuki","Oiwa",33,1518,1989-08-17,2020-01-04,"Jan 31, 2023",0.496,30.3825136612022,33.2438356164384,"K","K. Oiwa","Shonan Bellmare",2021,34
"448","Tarik","Elyounoussi",34,1498,1988-02-23,2020-01-09,"Jan 31, 2023",0.49,31.8767123287671,34.7232876712329,"T","T. Elyounoussi","Shonan Bellmare",2021,34
"449","Satoshi","Tanaka",20,1376,2002-08-13,2021-02-01,"Jun 30, 2023",0.45,18.4712328767123,20.2547945205479,"S","S. Tanaka","Shonan Bellmare",2021,34
"450","Kazunari","Ono",33,1300,1989-08-04,2018-02-01,"Jan 31, 2023",0.425,28.4958904109589,33.2794520547945,"K","K. Ono","Shonan Bellmare",2021,34
"451","Takuji","Yonemoto",31,1261,1990-12-03,2022-02-01,"Jan 31, 2023",0.412,31.1643835616438,31.9479452054795,"T","T. Yonemoto","Shonan Bellmare",2021,34
"452","Taiga","Hata",20,1128,2002-01-20,2020-02-01,"Jan 31, 2023",0.369,18.0327868852459,20.8164383561644,"T","T. Hata","Shonan Bellmare",2021,34
"453","Masaki","Ikeda",23,1113,1999-07-08,2021-01-09,"Jan 31, 2023",0.364,21.5068493150685,23.3534246575342,"M","M. Ikeda","Shonan Bellmare",2021,34
"454","Yuki","Ohashi",26,893,1996-07-27,2019-02-01,"Jan 31, 2023",0.292,22.5178082191781,26.3013698630137,"Y","Y. Ohashi","Shonan Bellmare",2021,34
"455","Naoki","Yamada",32,882,1990-07-04,2020-02-01,"Jan 31, 2023",0.288,29.5792349726776,32.3643835616438,"N","N. Yamada","Shonan Bellmare",2021,34
"456",NA,"Wellington",34,852,1988-02-11,2020-12-21,"Jan 31, 2023",0.278,32.8579234972678,34.7561643835616,"","Wellington","Shonan Bellmare",2021,34
"457","Takuya","Okamoto",30,802,1992-06-18,2019-02-01,"Jan 31, 2023",0.262,26.6246575342466,30.4082191780822,"T","T. Okamoto","Shonan Bellmare",2021,34
"458","Yoshihiro","Nakano",29,793,1993-02-24,2022-07-11,"Jan 31, 2023",0.259,29.3753424657534,29.7205479452055,"Y","Y. Nakano","Shonan Bellmare",2021,34
"459","Ryo","Takahashi",29,766,1993-07-16,2021-01-09,"Jan 31, 2023",0.25,27.4849315068493,29.3315068493151,"R","R. Takahashi","Shonan Bellmare",2021,34
"460","Taiyo","Hiraoka",20,665,2002-09-14,2021-02-01,"Jan 31, 2024",0.217,18.3835616438356,20.1671232876712,"T","T. Hiraoka","Shonan Bellmare",2021,34
"461","Hiroyuki","Abe",33,481,1989-07-05,2022-07-14,"Jan 31, 2023",0.157,33.0246575342466,33.3616438356164,"H","H. Abe","Shonan Bellmare",2021,34
"462","Shota","Kobayashi",31,368,1991-05-11,2019-01-05,"Jan 31, 2023",0.12,27.6547945205479,31.5123287671233,"S","S. Kobayashi","Shonan Bellmare",2021,34
"463","Ryota","Nagaki",34,341,1988-06-04,2022-01-09,"Jan 31, 2023",0.111,33.6,34.4465753424658,"R","R. Nagaki","Shonan Bellmare",2021,34
"464","Daiki","Tomii",33,180,1989-08-27,2018-01-06,"Jan 31, 2023",0.059,28.3616438356164,33.2164383561644,"D","D. Tomii","Shonan Bellmare",2021,34
"465","Hayato","Fukushima",22,167,2000-04-26,2019-02-01,"Jan 31, 2023",0.055,18.7698630136986,22.5534246575342,"H","H. Fukushima","Shonan Bellmare",2021,34
"466","Hiroki","Mawatari",28,90,1994-08-16,2022-04-01,"Jan 31, 2023",0.029,27.6246575342466,28.2465753424658,"H","H. Mawatari","Shonan Bellmare",2021,34
"467","Akito","Suzuki",19,82,2003-07-30,2022-02-01,"Jan 31, 2025",0.027,18.5095890410959,19.2931506849315,"A","A. Suzuki","Shonan Bellmare",2021,34
"468","Kodai","Minoda",23,28,1999-08-10,2022-02-01,"Jan 31, 2023",0.009,22.4794520547945,23.2630136986301,"K","K. Minoda","Shonan Bellmare",2021,34
"469","Sere","Matsumura",18,4,2003-12-03,2022-02-01,"Jan 31, 2025",0.001,18.1643835616438,18.9479452054795,"S","S. Matsumura","Shonan Bellmare",2021,34
"470","Yamato","Wakatsuki",20,2,2002-01-18,2020-01-26,"Jan 31, 2023",0.001,18.0218579234973,20.8219178082192,"Y","Y. Wakatsuki","Shonan Bellmare",2021,34
"471","Taiyo","Koga",24,2880,1998-10-28,2017-02-01,"Jan 31, 2023",0.941,18.2630136986301,24.0465753424658,"T","T. Koga","Kashiwa Reysol",2021,34
"472","Hiromu","Mitsumaru",29,2737,1993-07-06,2020-01-04,"Jan 31, 2023",0.894,26.4972677595628,29.358904109589,"H","H. Mitsumaru","Kashiwa Reysol",2021,34
"473","Yuji","Takahashi",29,2552,1993-04-11,2020-01-04,"Jan 31, 2023",0.834,26.7322404371585,29.5945205479452,"Y","Y. Takahashi","Kashiwa Reysol",2021,34
"474","Matheus","Savio",25,2542,1997-04-15,2020-01-04,"Dec 31, 2022",0.831,22.7213114754098,25.5835616438356,"M","M. Savio","Kashiwa Reysol",2021,34
"475","Mao","Hosoya",21,2385,2001-09-07,2020-02-01,"Jan 31, 2023",0.779,18.4016393442623,21.186301369863,"M","M. Hosoya","Kashiwa Reysol",2021,34
"476","Keiya","Shiihashi",25,2291,1997-06-20,2021-01-09,"Jan 31, 2023",0.749,23.5561643835616,25.4027397260274,"K","K. Shiihashi","Kashiwa Reysol",2021,34
"477","Takuma","Ominami",24,2143,1997-12-13,2020-01-04,"Jan 31, 2025",0.7,22.0601092896175,24.9205479452055,"T","T. Ominami","Kashiwa Reysol",2021,34
"478","Tomoya","Koyamatsu",27,2027,1995-04-24,2022-01-09,"Jan 31, 2023",0.662,26.7123287671233,27.558904109589,"T","T. Koyamatsu","Kashiwa Reysol",2021,34
"479","Takumi","Kamijima",25,1906,1997-02-05,2019-02-01,"Jan 31, 2023",0.623,21.9890410958904,25.772602739726,"T","T. Kamijima","Kashiwa Reysol",2021,34
"480","Masato","Sasaki",20,1800,2002-05-01,2021-02-01,"Jan 31, 2024",0.588,18.7561643835616,20.5397260273973,"M","M. Sasaki","Kashiwa Reysol",2021,34
"481",NA,"Dodi",26,1724,1996-04-17,2021-01-15,"Jan 31, 2023",0.563,24.7479452054795,26.5780821917808,"","Dodi","Kashiwa Reysol",2021,34
"482","Sachiro","Toshima",27,1486,1995-09-26,2020-01-04,"Jan 31, 2023",0.486,24.2732240437158,27.1342465753425,"S","S. Toshima","Kashiwa Reysol",2021,34
"483","Seung-gyu","Kim",32,1170,1990-09-30,2020-01-10,"Jun 30, 2025",0.382,29.2786885245902,32.1232876712329,"S","S. Kim","Kashiwa Reysol",2021,34
"484","Naoki","Kawaguchi",28,1076,1994-05-24,2020-02-01,"Jan 31, 2023",0.352,25.6912568306011,28.4767123287671,"N","N. Kawaguchi","Kashiwa Reysol",2021,34
"485","Yuki","Muto",34,698,1988-11-07,2021-07-12,"Jan 31, 2023",0.228,32.6767123287671,34.0191780821918,"Y","Y. Muto","Kashiwa Reysol",2021,34
"486",NA,"Douglas",34,665,1987-12-30,2022-01-09,"Jan 31, 2023",0.217,34.027397260274,34.8739726027397,"","Douglas","Kashiwa Reysol",2021,34
"487","Keita","Nakamura",29,641,1993-06-30,2022-01-09,"Jan 31, 2023",0.209,28.5287671232877,29.3753424657534,"K","K. Nakamura","Kashiwa Reysol",2021,34
"488","Yuto","Yamada",22,417,2000-05-17,2019-02-01,"Jan 31, 2023",0.136,18.7123287671233,22.4958904109589,"Y","Y. Yamada","Kashiwa Reysol",2021,34
"489","Kengo","Kitazume",30,366,1992-04-30,2020-01-04,"-",0.12,27.6803278688525,30.5424657534247,"K","K. Kitazume","Kashiwa Reysol",2021,34
"490","Hayato","Tanaka",19,360,2003-11-01,2022-02-01,"-",0.118,18.2520547945205,19.0356164383562,"H","H. Tanaka","Kashiwa Reysol",2021,34
"491","Kaito","Mori",22,309,2000-06-07,2022-02-01,"Jan 31, 2023",0.101,21.6547945205479,22.4383561643836,"K","K. Mori","Kashiwa Reysol",2021,34
"492","Rodrigo","Angelotti",24,291,1998-04-27,2021-01-15,"Dec 31, 2023",0.095,22.7205479452055,24.5506849315069,"R","R. Angelotti","Kashiwa Reysol",2021,34
"493","Takuto","Kato",23,175,1999-05-09,2022-02-01,"-",0.057,22.7342465753425,23.5178082191781,"T","T. Kato","Kashiwa Reysol",2021,34
"494","Takumi","Tsuchiya",19,161,2003-10-25,2022-02-01,"-",0.053,18.2712328767123,19.0547945205479,"T","T. Tsuchiya","Kashiwa Reysol",2021,34
"495","Yuta","Someya",36,157,1986-09-30,2019-01-07,"Jan 31, 2023",0.051,32.2712328767123,36.1232876712329,"Y","Y. Someya","Kashiwa Reysol",2021,34
"496","Hidetaka","Maie",19,152,2003-07-28,2022-02-01,"Jan 31, 2025",0.05,18.5150684931507,19.2986301369863,"H","H. Maie","Kashiwa Reysol",2021,34
"497","Yugo","Masukake",19,114,2003-08-24,2022-02-01,"Jan 31, 2025",0.037,18.441095890411,19.2246575342466,"Y","Y. Masukake","Kashiwa Reysol",2021,34
"498","Wataru","Iwashita",23,96,1999-04-01,2022-01-09,"Jan 31, 2023",0.031,22.7753424657534,23.6219178082192,"W","W. Iwashita","Kashiwa Reysol",2021,34
"499","Kenta","Matsumoto",25,90,1997-05-04,2020-02-01,"Jan 31, 2023",0.029,22.7459016393443,25.5315068493151,"K","K. Matsumoto","Kashiwa Reysol",2021,34
"500","Fumiya","Unoki",21,89,2001-07-04,2020-02-01,"Jan 31, 2023",0.029,18.5792349726776,21.3643835616438,"F","F. Unoki","Kashiwa Reysol",2021,34
"501","Masatoshi","Mihara",34,71,1988-08-02,2020-02-01,"Jan 31, 2023",0.023,31.5,34.2849315068493,"M","M. Mihara","Kashiwa Reysol",2021,34
"502","Hidekazu","Otani",38,61,1984-11-06,2003-02-01,"Jan 31, 2023",0.02,18.2383561643836,38.0219178082192,"H","H. Otani","Kashiwa Reysol",2021,34
"503","Il-gyu","Park",32,3060,1989-12-22,2021-02-01,"Jan 31, 2023",1,31.1123287671233,32.8958904109589,"I","I. Park","Sagan Tosu",2021,34
"504",NA,"Diego",27,2724,1995-09-21,2022-01-09,"Jan 31, 2023",0.89,26.3013698630137,27.1479452054795,"","Diego","Sagan Tosu",2021,34
"505","Akito","Fukuta",30,2662,1992-05-01,2022-01-09,"Jan 31, 2023",0.87,29.6931506849315,30.5397260273973,"A","A. Fukuta","Sagan Tosu",2021,34
"506","Kei","Koizumi",27,2621,1995-04-19,2021-08-10,"Jan 31, 2023",0.857,26.3095890410959,27.572602739726,"K","K. Koizumi","Sagan Tosu",2021,34
"507","Yuto","Iwasaki",24,2416,1998-06-11,2021-08-11,"Jan 31, 2023",0.79,23.1671232876712,24.427397260274,"Y","Y. Iwasaki","Sagan Tosu",2021,34
"508","Seok-ho","Hwang",33,2088,1989-06-27,2021-01-09,"Jan 31, 2023",0.682,31.5369863013699,33.3835616438356,"S","S. Hwang","Sagan Tosu",2021,34
"509","Wataru","Harada",26,2000,1996-07-22,2022-01-09,"Jan 31, 2023",0.654,25.4684931506849,26.3150684931507,"W","W. Harada","Sagan Tosu",2021,34
"510","Masaya","Tashiro",29,1743,1993-05-01,2021-01-09,"Jan 31, 2023",0.57,27.6931506849315,29.5397260273973,"M","M. Tashiro","Sagan Tosu",2021,34
"511","Taisei","Miyashiro",22,1575,2000-05-26,2022-02-01,"Jan 31, 2023",0.515,21.6876712328767,22.4712328767123,"T","T. Miyashiro","Sagan Tosu",2021,34
"512","Nanasei","Iino",26,1360,1996-10-02,2021-01-09,"Jan 31, 2024",0.444,24.2712328767123,26.1178082191781,"N","N. Iino","Sagan Tosu",2021,34
"513","Yuki","Horigome",29,1317,1992-12-13,2022-02-01,"Jan 31, 2023",0.43,29.1369863013699,29.9205479452055,"Y","Y. Horigome","Sagan Tosu",2021,34
"514","Fuchi","Honda",21,1301,2001-05-10,2020-02-01,"Jan 31, 2023",0.425,18.7295081967213,21.5150684931507,"F","F. Honda","Sagan Tosu",2021,34
"515","Taichi","Kikuchi",23,1232,1999-05-07,2022-02-01,"Jan 31, 2023",0.403,22.7397260273973,23.5232876712329,"T","T. Kikuchi","Sagan Tosu",2021,34
"516","Yuki","Kakita",25,1128,1997-07-14,2022-02-01,"Jan 31, 2023",0.369,24.5534246575342,25.3369863013699,"Y","Y. Kakita","Sagan Tosu",2021,34
"517","Shinya","Nakano",19,1123,2003-08-17,2021-07-30,"Jan 31, 2025",0.367,17.9506849315068,19.2438356164384,"S","S. Nakano","Sagan Tosu",2021,34
"518","Yoichi","Naganuma",25,1095,1997-04-14,2022-07-25,"Jan 31, 2024",0.358,25.2794520547945,25.586301369863,"Y","Y. Naganuma","Sagan Tosu",2021,34
"519","Yuji","Ono",29,1019,1992-12-22,2022-01-09,"Jan 31, 2023",0.333,29.0493150684932,29.8958904109589,"Y","Y. Ono","Sagan Tosu",2021,34
"520","Naoyuki","Fujita",35,971,1987-06-22,2022-01-09,"Jan 31, 2023",0.317,34.5506849315069,35.3972602739726,"N","N. Fujita","Sagan Tosu",2021,34
"521","Toshio","Shimakawa",32,644,1990-05-28,2021-01-09,"Jan 31, 2023",0.21,30.6191780821918,32.4657534246575,"T","T. Shimakawa","Sagan Tosu",2021,34
"522","Jun","Nishikawa",20,534,2002-02-21,2022-02-01,"Jan 31, 2023",0.175,19.9452054794521,20.7287671232877,"J","J. Nishikawa","Sagan Tosu",2021,34
"523","Kentaro","Moriya",34,311,1988-09-21,2022-02-09,"Jan 31, 2023",0.102,33.386301369863,34.1479452054795,"K","K. Moriya","Sagan Tosu",2021,34
"524","Yuta","Fujihara",23,215,1999-04-09,2022-02-01,"Jan 31, 2023",0.07,22.8164383561644,23.6,"Y","Y. Fujihara","Sagan Tosu",2021,34
"525","Shunta","Araki",23,194,1999-10-24,2022-02-01,"Jan 31, 2023",0.063,22.2739726027397,23.0575342465753,"S","S. Araki","Sagan Tosu",2021,34
"526","Yoshihiro","Nakano",29,147,1993-02-24,2022-02-01,"Jan 31, 2023",0.048,28.9369863013699,29.7205479452055,"Y","Y. Nakano","Sagan Tosu",2021,34
"527","Kohei","Tezuka",26,84,1996-04-06,2022-07-25,"Jan 31, 2024",0.027,26.3013698630137,26.6082191780822,"K","K. Tezuka","Sagan Tosu",2021,34
"528","Kyo","Sato",22,34,2000-03-21,2022-02-01,"Jan 31, 2023",0.011,21.8684931506849,22.6520547945205,"K","K. Sato","Sagan Tosu",2021,34
"529","Ryunosuke","Sagara",20,24,2002-08-17,2021-02-01,"Jan 31, 2024",0.008,18.4602739726027,20.2438356164384,"R","R. Sagara","Sagan Tosu",2021,34
"530","Yoshiki","Narahara",18,8,2004-04-07,NA,"-",0.003,NA,18.6054794520548,"Y","Y. Narahara","Sagan Tosu",2021,34
"531","Keon-woo","Bak",21,7,2001-08-09,2022-08-01,"Dec 31, 2022",0.002,20.9780821917808,21.2657534246575,"K","K. Bak","Sagan Tosu",2021,34
"532","Taichi","Fukui",18,7,2004-07-15,NA,"-",0.002,NA,18.3342465753425,"T","T. Fukui","Sagan Tosu",2021,34
"533","Dai","Hirase",21,4,2001-03-28,2022-08-12,"-",0.001,21.3753424657534,21.6328767123288,"D","D. Hirase","Sagan Tosu",2021,34
