first_name,last_name,age,minutes,bday,join,leave,min_perc,join_age,age_now,fname,player,team_name,season,matchday
Miki,Yamane,27,1800,1993-12-22,2020-01-04,"Jan 31, 2022",0.952,26.03551912568306,27.55890410958904,M,M. Yamane,Kawasaki Frontale,2020,21
Ao,Tanaka,22,1652,NA,NA,NA,0.874,NA,NA,A,A. Tanaka,Kawasaki Frontale,2020,21
Shogo,Taniguchi,29,1537,1991-07-15,2014-02-01,"Jan 31, 2022",0.813,22.55068493150685,29.997260273972604,S,S. Taniguchi,Kawasaki Frontale,2020,21
NA,Jesiel,27,1452,1994-03-05,2020-01-04,"Jan 31, 2022",0.768,25.833333333333332,27.35890410958904,,Jesiel,Kawasaki Frontale,2020,21
Sung-ryong,Jung,36,1440,1985-01-04,2016-01-01,"Jan 1, 2022",0.762,30.991780821917807,36.52328767123288,S,S. Jung,Kawasaki Frontale,2020,21
João,Schmidt,28,1392,1993-05-19,2021-01-09,"Jan 31, 2022",0.737,27.643835616438356,28.153424657534245,J,J. Schmidt,Kawasaki Frontale,2020,21
Reo,Hatate,23,1379,1997-11-21,2020-02-01,"Jan 31, 2022",0.73,22.19672131147541,23.643835616438356,R,R. Hatate,Kawasaki Frontale,2020,21
Akihiro,Ienaga,35,1347,1986-06-13,2017-01-05,"Jan 31, 2022",0.713,30.564383561643837,35.084931506849315,A,A. Ienaga,Kawasaki Frontale,2020,21
Leandro,Damião,31,1274,1989-07-22,2019-02-02,"Jan 1, 2022",0.674,29.534246575342465,31.97808219178082,L,L. Damião,Kawasaki Frontale,2020,21
Kaoru,Mitoma,24,1232,1997-05-20,2020-02-01,"Jan 31, 2022",0.652,22.702185792349727,24.15068493150685,K,K. Mitoma,Kawasaki Frontale,2020,21
Yasuto,Wakizaka,26,1102,1995-06-11,2018-02-01,"Jan 31, 2022",0.583,22.643835616438356,26.09041095890411,Y,Y. Wakizaka,Kawasaki Frontale,2020,21
Kyohei,Noborizato,30,973,1990-11-13,2009-02-01,"Jan 31, 2022",0.515,18.21917808219178,30.665753424657535,K,K. Noborizato,Kawasaki Frontale,2020,21
Shintaro,Kurumaya,29,772,1992-04-05,2015-02-01,"Jan 31, 2024",0.408,22.827397260273973,29.273972602739725,S,S. Kurumaya,Kawasaki Frontale,2020,21
Yu,Kobayashi,33,727,1987-09-23,2010-02-01,"Jan 31, 2022",0.385,22.35890410958904,33.8054794520548,Y,Y. Kobayashi,Kawasaki Frontale,2020,21
Tatsuya,Hasegawa,27,613,1994-03-07,2016-02-01,"Jan 31, 2022",0.324,21.904371584699454,27.353424657534248,T,T. Hasegawa,Kawasaki Frontale,2020,21
Daiya,Tono,22,508,1999-03-14,2020-01-04,"Jan 31, 2022",0.269,20.80874316939891,22.334246575342465,D,D. Tono,Kawasaki Frontale,2020,21
Kenta,Tanno,34,450,1986-08-30,2020-01-04,"Jan 31, 2022",0.238,33.34699453551912,34.87123287671233,K,K. Tanno,Kawasaki Frontale,2020,21
Kento,Tachibanada,23,321,1998-05-29,2021-02-01,"Jan 31, 2022",0.17,22.67945205479452,23.126027397260273,K,K. Tachibanada,Kawasaki Frontale,2020,21
Koki,Tsukagawa,26,248,1994-07-16,2021-01-09,"Jan 31, 2022",0.131,26.484931506849314,26.994520547945207,K,K. Tsukagawa,Kawasaki Frontale,2020,21
Kei,Chinen,26,231,1995-03-17,2017-02-01,"Jan 31, 2022",0.122,21.87945205479452,26.326027397260273,K,K. Chinen,Kawasaki Frontale,2020,21
Kazuya,Yamamura,31,180,1989-12-02,2019-01-05,"Jan 31, 2022",0.095,29.09315068493151,31.613698630136987,K,K. Yamamura,Kawasaki Frontale,2020,21
Zain,Issaka,24,90,1997-05-29,2020-02-01,"Jan 31, 2022",0.048,22.6775956284153,24.126027397260273,Z,Z. Issaka,Kawasaki Frontale,2020,21
Kazuki,Kozuka,26,65,1994-08-02,2021-01-09,"Jan 31, 2022",0.034,26.438356164383563,26.947945205479453,K,K. Kozuka,Kawasaki Frontale,2020,21
Yuya,Oki,21,1890,1999-08-22,2018-02-01,"Jan 31, 2022",1,18.446575342465753,21.893150684931506,Y,Y. Oki,Kashima Antlers,2020,21
Koki,Machida,23,1800,1997-08-25,2016-02-01,"Jan 31, 2023",0.952,18.437158469945356,23.884931506849316,K,K. Machida,Kashima Antlers,2020,21
Tomoya,Inukai,28,1652,1993-05-12,2018-01-06,"Jan 31, 2022",0.874,24.654794520547945,28.172602739726027,T,T. Inukai,Kashima Antlers,2020,21
Katsuya,Nagato,26,1446,1995-01-15,2020-01-04,"Jan 31, 2022",0.765,24.96986301369863,26.493150684931507,K,K. Nagato,Kashima Antlers,2020,21
Shoma,Doi,29,1352,1992-05-21,2011-02-01,"Jan 31, 2023",0.715,18.7013698630137,29.147945205479452,S,S. Doi,Kashima Antlers,2020,21
Léo,Silva,35,1325,1985-12-24,2017-01-01,"Jan 31, 2022",0.701,31.02191780821918,35.553424657534244,L,L. Silva,Kashima Antlers,2020,21
Kento,Misao,25,1301,1996-04-16,2016-01-12,"Jan 31, 2022",0.688,19.740437158469945,25.243835616438357,K,K. Misao,Kashima Antlers,2020,21
Ryotaro,Araki,19,1283,2002-01-29,2020-02-01,"Jan 31, 2023",0.679,18.008196721311474,19.454794520547946,R,R. Araki,Kashima Antlers,2020,21
NA,Everaldo,30,1039,1991-07-05,2020-01-04,"Jan 31, 2022",0.55,28.5,30.024657534246575,,Everaldo,Kashima Antlers,2020,21
Keigo,Tsunemoto,22,1027,1998-10-21,2021-02-01,"Jan 31, 2022",0.543,22.28219178082192,22.72876712328767,K,K. Tsunemoto,Kashima Antlers,2020,21
Ryohei,Shirasaki,28,864,1993-05-18,2019-01-05,"Jan 31, 2022",0.457,25.635616438356166,28.156164383561645,R,R. Shirasaki,Kashima Antlers,2020,21
Juan,Alano,24,801,1996-09-02,2020-01-04,"Jan 31, 2022",0.424,23.338797814207652,24.863013698630137,J,J. Alano,Kashima Antlers,2020,21
Ayase,Ueda,22,784,1998-08-28,2019-07-26,"Jan 31, 2022",0.415,20.90958904109589,22.876712328767123,A,A. Ueda,Kashima Antlers,2020,21
Kei,Koizumi,26,762,1995-04-19,2019-07-24,"Jan 31, 2022",0.403,24.262295081967213,26.235616438356164,K,K. Koizumi,Kashima Antlers,2020,21
Diego,Pituca,28,594,1992-08-15,2021-01-31,"Jan 31, 2024",0.314,28.463013698630135,28.912328767123288,D,D. Pituca,Kashima Antlers,2020,21
Yuta,Matsumura,20,593,2001-04-13,2020-02-01,"Jan 31, 2023",0.314,18.80327868852459,20.252054794520546,Y,Y. Matsumura,Kashima Antlers,2020,21
Daiki,Sugioka,22,442,1998-09-08,2020-01-04,"Jan 31, 2022",0.234,21.3224043715847,22.846575342465755,D,D. Sugioka,Kashima Antlers,2020,21
Ryota,Nagaki,33,428,1988-06-04,2016-01-01,"Jan 31, 2022",0.226,27.57650273224044,33.10958904109589,R,R. Nagaki,Kashima Antlers,2020,21
Rikuto,Hirose,25,357,1995-09-23,2020-01-04,"Jan 31, 2022",0.189,24.281420765027324,25.805479452054794,R,R. Hirose,Kashima Antlers,2020,21
Yasushi,Endo,33,218,1988-04-07,2007-02-01,"Jan 31, 2022",0.115,18.82191780821918,33.26849315068493,Y,Y. Endo,Kashima Antlers,2020,21
Itsuki,Someno,19,192,2001-09-12,2020-02-01,"Jan 31, 2022",0.102,18.387978142076502,19.835616438356166,I,I. Someno,Kashima Antlers,2020,21
Naoki,Hayashi,23,184,1998-06-09,2021-02-01,"Jan 31, 2022",0.097,22.649315068493152,23.095890410958905,N,N. Hayashi,Kashima Antlers,2020,21
Ryuji,Izumi,27,138,1993-11-06,2020-01-04,"Jan 31, 2022",0.073,26.161202185792348,27.684931506849313,R,R. Izumi,Kashima Antlers,2020,21
Ikuma,Sekigawa,20,127,2000-09-13,2019-02-01,"Jan 31, 2022",0.067,18.386301369863013,20.832876712328765,I,I. Sekigawa,Kashima Antlers,2020,21
Yu,Funabashi,19,92,2002-07-12,2021-02-01,"Jan 31, 2024",0.049,18.55890410958904,19.005479452054793,Y,Y. Funabashi,Kashima Antlers,2020,21
Arthur,Caíke,29,30,1992-06-15,2021-01-31,"Jan 31, 2022",0.016,28.63013698630137,29.07945205479452,A,A. Caíke,Kashima Antlers,2020,21
Takuya,Iwanami,27,1913,1994-06-18,2018-01-01,"Jan 31, 2022",0.966,23.53972602739726,27.07123287671233,T,T. Iwanami,Urawa Red Diamonds,2020,22
Tomoaki,Makino,34,1890,1987-05-11,2013-01-01,"Jan 31, 2022",0.955,25.643835616438356,34.175342465753424,T,T. Makino,Urawa Red Diamonds,2020,22
Takahiro,Akimoto,23,1736,1998-01-31,2021-01-09,"Jan 31, 2022",0.877,22.939890710382514,23.44931506849315,T,T. Akimoto,Urawa Red Diamonds,2020,22
Yoshio,Koizumi,24,1679,1996-10-05,2021-01-09,"Jan 31, 2022",0.848,24.263013698630136,24.77260273972603,Y,Y. Koizumi,Urawa Red Diamonds,2020,22
Atsuki,Ito,22,1444,1998-08-11,2021-02-01,"Jan 31, 2022",0.729,22.476712328767125,22.923287671232877,A,A. Ito,Urawa Red Diamonds,2020,22
Shusaku,Nishikawa,35,1440,1986-06-18,2014-01-05,"Jan 31, 2022",0.727,27.55068493150685,35.07123287671233,S,S. Nishikawa,Urawa Red Diamonds,2020,22
Daigo,Nishi,33,1344,1987-08-28,2021-01-09,"Jan 31, 2022",0.679,33.367123287671234,33.87671232876713,D,D. Nishi,Urawa Red Diamonds,2020,22
Ryosuke,Yamanaka,28,1239,1993-04-20,2019-01-10,"Jan 31, 2022",0.626,25.726027397260275,28.232876712328768,R,R. Yamanaka,Urawa Red Diamonds,2020,22
Kai,Shibato,25,1082,1995-11-24,2018-02-01,"Jan 31, 2022",0.546,22.18904109589041,25.635616438356166,K,K. Shibato,Urawa Red Diamonds,2020,22
Takahiro,Sekine,26,1003,1995-04-19,2019-07-01,"Jan 31, 2022",0.507,24.19945355191257,26.235616438356164,T,T. Sekine,Urawa Red Diamonds,2020,22
Koya,Yuruki,26,944,1995-07-03,2019-01-05,"Jan 31, 2022",0.477,23.50958904109589,26.03013698630137,K,K. Yuruki,Urawa Red Diamonds,2020,22
Kenyu,Sugimoto,28,761,1992-11-18,2019-01-01,"Jan 31, 2022",0.384,26.12054794520548,28.65205479452055,K,K. Sugimoto,Urawa Red Diamonds,2020,22
Yuki,Muto,32,755,NA,NA,NA,0.381,NA,NA,Y,Y. Muto,Urawa Red Diamonds,2020,22
Kasper,Junker,27,753,1994-03-05,2021-04-01,"Dec 31, 2022",0.38,27.073972602739726,27.35890410958904,K,K. Junker,Urawa Red Diamonds,2020,22
Tatsuya,Tanaka,29,720,1992-06-09,2021-01-09,"Jan 31, 2022",0.364,28.586301369863016,29.095890410958905,T,T. Tanaka,Urawa Red Diamonds,2020,22
Yuki,Abe,39,607,1981-09-06,2012-01-23,"Jan 31, 2022",0.307,30.379781420765028,39.85205479452055,Y,Y. Abe,Urawa Red Diamonds,2020,22
Tomoya,Ugajin,33,558,1988-03-23,2010-02-01,"Jan 31, 2022",0.282,21.863013698630137,33.30958904109589,T,T. Ugajin,Urawa Red Diamonds,2020,22
Zion,Suzuki,18,540,2002-08-21,2019-02-01,"Jan 31, 2022",0.273,16.44931506849315,18.895890410958906,Z,Z. Suzuki,Urawa Red Diamonds,2020,22
Shinzo,Koroki,34,372,1986-07-31,2013-01-04,"Jan 31, 2022",0.188,26.43013698630137,34.95342465753425,S,S. Koroki,Urawa Red Diamonds,2020,22
Daiki,Kaneko,22,330,1998-08-28,2021-01-09,"Jan 31, 2022",0.167,22.367123287671234,22.876712328767123,D,D. Kaneko,Urawa Red Diamonds,2020,22
Hidetoshi,Takeda,19,262,2001-09-15,2020-02-01,"Jan 31, 2023",0.132,18.379781420765028,19.827397260273973,H,H. Takeda,Urawa Red Diamonds,2020,22
Tomoaki,Okubo,22,215,1998-07-23,2021-02-01,"Jan 31, 2022",0.109,22.528767123287672,22.975342465753425,T,T. Okubo,Urawa Red Diamonds,2020,22
Thomas,Deng,24,157,1997-03-20,2020-01-28,"Jan 31, 2022",0.079,22.85792349726776,24.317808219178083,T,T. Deng,Urawa Red Diamonds,2020,22
Ryotaro,Ito,23,25,NA,NA,NA,0.013,NA,NA,R,R. Ito,Urawa Red Diamonds,2020,22
Thiago,Martins,26,1800,1995-03-17,2020-02-01,"Jan 31, 2022",1,24.87704918032787,26.326027397260273,T,T. Martins,Yokohama F. Marinos,2020,20
Shinnosuke,Hatanaka,25,1667,1995-08-25,2018-08-14,"Jan 31, 2022",0.926,22.96986301369863,25.884931506849316,S,S. Hatanaka,Yokohama F. Marinos,2020,20
Daizen,Maeda,23,1477,1997-10-20,2021-02-01,"Jan 31, 2024",0.821,23.284931506849315,23.731506849315068,D,D. Maeda,Yokohama F. Marinos,2020,20
NA,Élber,29,1452,1992-05-27,2021-01-09,"Jan 31, 2024",0.807,28.621917808219177,29.13150684931507,,Élber,Yokohama F. Marinos,2020,20
Yohei,Takaoka,25,1350,1996-03-16,2020-10-23,"Jan 31, 2022",0.75,24.605479452054794,25.328767123287673,Y,Y. Takaoka,Yokohama F. Marinos,2020,20
Ado,Onaiwu,25,1265,1995-11-08,2020-02-01,"Jan 31, 2023",0.703,24.23224043715847,25.67945205479452,A,A. Onaiwu,Yokohama F. Marinos,2020,20
Takahiro,Ogihara,29,1249,1991-10-05,2017-01-07,"Jan 31, 2022",0.694,25.257534246575343,29.77260273972603,T,T. Ogihara,Yokohama F. Marinos,2020,20
Ryuta,Koike,25,997,1995-08-29,2020-05-29,"Jan 31, 2022",0.554,24.74863387978142,25.873972602739727,R,R. Koike,Yokohama F. Marinos,2020,20
Tomoki,Iwata,24,996,1997-04-07,2021-01-09,"Jan 31, 2025",0.553,23.75890410958904,24.268493150684932,T,T. Iwata,Yokohama F. Marinos,2020,20
Marcos,Júnior,28,981,1993-01-19,2019-01-04,"Jan 31, 2023",0.545,25.958904109589042,28.482191780821918,M,M. Júnior,Yokohama F. Marinos,2020,20
Theerathon,Bunmathan,31,880,1990-02-06,2020-01-04,"Dec 31, 2022",0.489,29.90958904109589,31.432876712328767,T,T. Bunmathan,Yokohama F. Marinos,2020,20
Ken,Matsubara,28,876,1993-02-16,2017-01-06,"Jan 31, 2022",0.487,23.887978142076502,28.405479452054795,K,K. Matsubara,Yokohama F. Marinos,2020,20
Teruhito,Nakagawa,28,770,1992-07-27,2015-02-01,"Jan 31, 2022",0.428,22.517808219178082,28.964383561643835,T,T. Nakagawa,Yokohama F. Marinos,2020,20
Takuya,Kida,26,702,1994-08-23,2013-02-01,"Jan 31, 2022",0.39,18.443835616438356,26.89041095890411,T,T. Kida,Yokohama F. Marinos,2020,20
Jun,Amano,29,678,1991-07-19,2014-02-01,"Jan 31, 2022",0.377,22.53972602739726,29.986301369863014,J,J. Amano,Yokohama F. Marinos,2020,20
Kota,Watanabe,22,614,1998-10-18,2019-08-08,"Jan 31, 2022",0.341,20.805479452054794,22.736986301369864,K,K. Watanabe,Yokohama F. Marinos,2020,20
Ryo,Takano,26,470,1994-11-13,2017-02-01,"Jan 31, 2022",0.261,22.21917808219178,26.665753424657535,R,R. Takano,Yokohama F. Marinos,2020,20
Powell,Obinna,23,450,NA,NA,NA,0.25,NA,NA,P,P. Obinna,Yokohama F. Marinos,2020,20
Takuya,Wada,30,372,1990-07-28,2020-02-01,"Jan 31, 2022",0.207,29.51366120218579,30.96164383561644,T,T. Wada,Yokohama F. Marinos,2020,20
Kota,Mizunuma,31,288,1990-02-22,2020-01-04,"Jan 31, 2022",0.16,29.865753424657534,31.389041095890413,K,K. Mizunuma,Yokohama F. Marinos,2020,20
Léo,Ceará,26,231,1995-02-03,2021-01-23,"Jan 31, 2022",0.128,25.969945355191257,26.44109589041096,L,L. Ceará,Yokohama F. Marinos,2020,20
Yuki,Saneto,32,104,1989-01-19,2020-03-23,"Jan 31, 2022",0.058,31.174863387978142,32.48219178082192,Y,Y. Saneto,Yokohama F. Marinos,2020,20
Ryonosuke,Kabayama,18,73,2002-09-17,2021-02-01,"Jan 31, 2024",0.041,18.375342465753423,18.82191780821918,R,R. Kabayama,Yokohama F. Marinos,2020,20
Gotoku,Sakai,30,1800,1991-03-14,2019-08-14,"Jan 31, 2022",1,28.418032786885245,30.334246575342465,G,G. Sakai,Vissel Kobe,2020,20
Hotaru,Yamaguchi,30,1800,1990-10-06,2019-01-01,"Jan 31, 2022",1,28.23835616438356,30.76986301369863,H,H. Yamaguchi,Vissel Kobe,2020,20
Daiya,Maekawa,26,1682,1994-09-08,2017-02-04,"Jan 31, 2022",0.934,22.40821917808219,26.846575342465755,D,D. Maekawa,Vissel Kobe,2020,20
Kyogo,Furuhashi,26,1678,1995-01-20,2018-08-01,"Jan 31, 2023",0.932,23.528767123287672,26.47945205479452,K,K. Furuhashi,Vissel Kobe,2020,20
Ryuho,Kikuchi,24,1665,1996-12-09,2020-01-04,"Jan 31, 2023",0.925,23.07103825136612,24.594520547945205,R,R. Kikuchi,Vissel Kobe,2020,20
Yuta,Goke,22,1508,1999-06-10,2018-02-01,"Jan 31, 2022",0.838,18.646575342465752,22.09315068493151,Y,Y. Goke,Vissel Kobe,2020,20
Tetsushi,Yamakawa,23,1484,1997-10-01,2020-02-01,"Jan 31, 2023",0.824,22.33606557377049,23.783561643835615,T,T. Yamakawa,Vissel Kobe,2020,20
Sergi,Samper,26,1283,1995-01-20,2019-03-07,"Jan 31, 2022",0.713,24.126027397260273,26.47945205479452,S,S. Samper,Vissel Kobe,2020,20
Yuki,Kobayashi,20,894,2000-07-18,2019-02-01,"Jan 31, 2022",0.497,18.542465753424658,20.98904109589041,Y,Y. Kobayashi,Vissel Kobe,2020,20
Shion,Inoue,23,894,1997-08-03,2021-01-09,"Jan 31, 2024",0.497,23.435616438356163,23.945205479452056,S,S. Inoue,Vissel Kobe,2020,20
Thomas,Vermaelen,35,810,1985-11-14,2019-07-27,"Jan 31, 2022",0.45,33.6986301369863,35.66301369863014,T,T. Vermaelen,Vissel Kobe,2020,20
NA,Douglas,33,779,1987-12-30,2020-01-11,"Jan 31, 2022",0.433,32.032786885245905,33.536986301369865,,Douglas,Vissel Kobe,2020,20
Ryo,Hatsuse,24,572,1997-07-10,2019-01-05,"Jan 31, 2022",0.318,21.49041095890411,24.01095890410959,R,R. Hatsuse,Vissel Kobe,2020,20
Daiju,Sasaki,21,573,1999-09-17,2018-02-01,"Jan 31, 2022",0.318,18.375342465753423,21.82191780821918,D,D. Sasaki,Vissel Kobe,2020,20
Yuya,Nakasaka,23,545,1997-08-05,2016-02-01,"Jan 31, 2022",0.303,18.491803278688526,23.93972602739726,Y,Y. Nakasaka,Vissel Kobe,2020,20
Andrés,Iniesta,37,459,1984-05-11,2018-07-01,"Jan 31, 2024",0.255,34.13972602739726,37.175342465753424,A,A. Iniesta,Vissel Kobe,2020,20
Asahi,Masuyama,24,379,1997-01-29,2015-02-01,"Jan 31, 2022",0.211,18.008219178082193,24.454794520547946,A,A. Masuyama,Vissel Kobe,2020,20
Noriaki,Fujimoto,31,200,1989-08-19,2019-08-07,"Jan 31, 2022",0.111,29.96712328767123,31.9013698630137,N,N. Fujimoto,Vissel Kobe,2020,20
Ayub,Masika,28,178,1992-09-10,2021-03-01,"Jan 31, 2022",0.099,28.471232876712328,28.84109589041096,A,A. Masika,Vissel Kobe,2020,20
NA,Lincoln,20,147,2000-12-16,2021-01-20,"Jan 31, 2024",0.082,20.095890410958905,20.575342465753426,,Lincoln,Vissel Kobe,2020,20
Hiroki,Iikura,35,118,1986-06-01,2019-07-26,"Jan 31, 2022",0.066,33.150273224043715,35.11780821917808,H,H. Iikura,Vissel Kobe,2020,20
Nagisa,Sakurauchi,31,93,1989-08-11,2021-01-09,"Jan 31, 2022",0.052,31.413698630136988,31.923287671232877,N,N. Sakurauchi,Vissel Kobe,2020,20
Leo,Osaki,30,90,1991-07-08,2018-07-16,"Jan 31, 2022",0.05,27.02191780821918,30.016438356164382,L,L. Osaki,Vissel Kobe,2020,20
Junya,Tanaka,33,79,1987-07-15,2017-01-06,"Jan 31, 2022",0.044,29.47945205479452,33.9972602739726,J,J. Tanaka,Vissel Kobe,2020,20
Takuya,Yasui,22,68,NA,NA,NA,0.038,NA,NA,T,T. Yasui,Vissel Kobe,2020,20
Yutaro,Oda,19,13,2001-08-12,2020-02-01,"Jan 31, 2023",0.007,18.472677595628415,19.92054794520548,Y,Y. Oda,Vissel Kobe,2020,20
Jin-hyeon,Kim,34,1620,1987-07-06,2009-01-01,"Jan 31, 2022",1,21.49041095890411,34.02191780821918,J,J. Kim,Cerezo Osaka,2020,18
Riku,Matsuda,29,1620,1991-07-24,2016-01-08,"Jan 31, 2022",1,24.459016393442624,29.972602739726028,R,R. Matsuda,Cerezo Osaka,2020,18
Hiroshi,Kiyotake,31,1521,1989-11-12,2017-02-01,"Jan 31, 2024",0.939,27.221917808219178,31.66849315068493,H,H. Kiyotake,Cerezo Osaka,2020,18
Hiroaki,Okuno,31,1472,1989-08-14,2019-01-04,"Jan 31, 2022",0.909,29.39178082191781,31.915068493150685,H,H. Okuno,Cerezo Osaka,2020,18
Yusuke,Maruhashi,30,1422,1990-09-02,2009-02-01,"Jan 31, 2022",0.878,18.416438356164385,30.863013698630137,Y,Y. Maruhashi,Cerezo Osaka,2020,18
Tatsuhiro,Sakamoto,24,1143,1996-10-22,2020-01-06,"Jan 31, 2022",0.706,23.207650273224044,24.726027397260275,T,T. Sakamoto,Cerezo Osaka,2020,18
Ryuya,Nishio,20,1086,2001-05-16,2020-02-01,"Jan 31, 2023",0.67,18.71311475409836,20.161643835616438,R,R. Nishio,Cerezo Osaka,2020,18
Yuta,Toyokawa,26,1068,1994-09-09,2020-01-04,"Jan 31, 2022",0.659,25.31967213114754,26.843835616438355,Y,Y. Toyokawa,Cerezo Osaka,2020,18
Naoyuki,Fujita,34,1023,1987-06-22,2019-01-07,"Jan 31, 2022",0.631,31.545205479452054,34.06027397260274,N,N. Fujita,Cerezo Osaka,2020,18
Ayumu,Seko,21,913,2000-06-07,2019-02-01,"Jan 31, 2022",0.564,18.654794520547945,21.101369863013698,A,A. Seko,Cerezo Osaka,2020,18
Yoshito,Okubo,39,812,1982-06-09,2021-01-09,"Jan 31, 2022",0.501,38.586301369863016,39.0958904109589,Y,Y. Okubo,Cerezo Osaka,2020,18
Riki,Harakawa,27,799,1993-08-18,2021-01-09,"Jan 31, 2022",0.493,27.394520547945206,27.904109589041095,R,R. Harakawa,Cerezo Osaka,2020,18
NA,Dankler,29,540,NA,NA,NA,0.333,NA,NA,,Dankler,Cerezo Osaka,2020,18
Mutsuki,Kato,23,430,1997-08-06,2021-01-09,"Jan 31, 2022",0.265,23.427397260273974,23.936986301369863,M,M. Kato,Cerezo Osaka,2020,18
Tiago,Pagnussat,31,405,1990-06-17,2021-04-02,"Jan 31, 2023",0.25,30.791780821917808,31.073972602739726,T,T. Pagnussat,Cerezo Osaka,2020,18
Jun,Nishikawa,19,404,2002-02-21,2020-02-01,"Jan 31, 2023",0.249,17.945205479452056,19.39178082191781,J,J. Nishikawa,Cerezo Osaka,2020,18
Ryosuke,Shindo,25,391,1996-06-07,2021-01-09,"Jan 31, 2022",0.241,24.59178082191781,25.101369863013698,R,R. Shindo,Cerezo Osaka,2020,18
Toshiyuki,Takagi,30,316,1991-05-25,2018-01-06,"Jan 31, 2022",0.195,26.61917808219178,30.136986301369863,T,T. Takagi,Cerezo Osaka,2020,18
Motohiko,Nakajima,22,216,1999-04-18,2018-02-01,"Jan 31, 2022",0.133,18.791780821917808,22.23835616438356,M,M. Nakajima,Cerezo Osaka,2020,18
Naoto,Arai,24,208,1996-10-07,2021-01-09,"Jan 31, 2024",0.128,24.257534246575343,24.767123287671232,N,N. Arai,Cerezo Osaka,2020,18
Adam,Taggart,28,156,1993-06-02,2021-01-09,"Jan 31, 2022",0.096,27.605479452054794,28.115068493150684,A,A. Taggart,Cerezo Osaka,2020,18
Riki,Matsuda,29,139,1991-07-24,2021-01-09,"Jan 31, 2022",0.086,29.463013698630135,29.972602739726028,R,R. Matsuda,Cerezo Osaka,2020,18
Hiroto,Yamada,21,77,2000-03-07,2018-02-01,"Jan 31, 2022",0.048,17.90684931506849,21.353424657534248,H,H. Yamada,Cerezo Osaka,2020,18
Taishi,Matsumoto,22,27,1998-08-22,2021-02-01,"Jan 31, 2022",0.017,22.446575342465753,22.893150684931506,T,T. Matsumoto,Cerezo Osaka,2020,18
Shota,Fujio,20,3,NA,NA,NA,0.002,NA,NA,S,S. Fujio,Cerezo Osaka,2020,18
Yuta,Koike,24,1,1996-11-06,2020-01-11,"Jan 31, 2022",0.001,23.18032786885246,24.684931506849313,Y,Y. Koike,Cerezo Osaka,2020,18
Masaaki,Higashiguchi,35,1350,1986-05-12,2014-01-01,"Jan 31, 2022",1,27.64109589041096,35.172602739726024,M,M. Higashiguchi,Gamba Osaka,2020,15
Gen,Shoji,28,1260,1992-12-11,2020-02-03,"Jan 31, 2025",0.933,27.147540983606557,28.589041095890412,G,G. Shoji,Gamba Osaka,2020,15
Genta,Miura,26,1260,1995-03-01,2017-01-06,"Jan 31, 2022",0.933,21.852054794520548,26.36986301369863,G,G. Miura,Gamba Osaka,2020,15
Yosuke,Ideguchi,24,1092,1996-08-23,2019-08-05,"Jan 31, 2022",0.809,22.95068493150685,24.89041095890411,Y,Y. Ideguchi,Gamba Osaka,2020,15
Takashi,Usami,29,997,1992-05-06,2019-07-01,"Jan 31, 2022",0.739,27.153005464480874,29.18904109589041,T,T. Usami,Gamba Osaka,2020,15
Keisuke,Kurokawa,24,828,1997-04-13,2020-02-01,"Jan 31, 2022",0.613,22.80327868852459,24.252054794520546,K,K. Kurokawa,Gamba Osaka,2020,15
Shu,Kurata,32,792,1988-11-23,2007-02-01,"Jan 31, 2022",0.587,18.19178082191781,32.63835616438356,S,S. Kurata,Gamba Osaka,2020,15
Kosuke,Onose,28,774,1993-04-22,2018-07-31,"Jan 31, 2023",0.573,25.273972602739725,28.22739726027397,K,K. Onose,Gamba Osaka,2020,15
NA,Patric,33,763,1987-10-26,2020-01-06,"Jan 31, 2022",0.565,32.19672131147541,33.71506849315068,,Patric,Gamba Osaka,2020,15
Shinya,Yajima,27,686,1994-01-18,2018-01-04,"Jan 31, 2022",0.508,23.96164383561644,27.484931506849314,S,S. Yajima,Gamba Osaka,2020,15
Leandro,Pereira,30,647,1991-07-03,2021-01-22,"Jan 31, 2022",0.479,29.556164383561644,30.03013698630137,L,L. Pereira,Gamba Osaka,2020,15
Se-jong,Ju,30,513,1990-10-30,2021-01-05,"Jan 31, 2022",0.38,30.183561643835617,30.704109589041096,S,S. Ju,Gamba Osaka,2020,15
Yuki,Yamamoto,23,498,1997-11-06,2020-02-01,"Jan 31, 2022",0.369,22.237704918032787,23.684931506849313,Y,Y. Yamamoto,Gamba Osaka,2020,15
Kohei,Okuno,21,491,2000-04-03,2019-02-01,"Jan 31, 2022",0.364,18.832876712328765,21.279452054794522,K,K. Okuno,Gamba Osaka,2020,15
Ryu,Takao,24,426,1996-11-09,2019-02-01,"Jan 31, 2022",0.316,22.23013698630137,24.676712328767124,R,R. Takao,Gamba Osaka,2020,15
Yuya,Fukuda,22,397,1999-04-04,2018-02-01,"Jan 31, 2022",0.294,18.83013698630137,22.276712328767122,Y,Y. Fukuda,Gamba Osaka,2020,15
Tiago,Alves,28,347,1993-01-12,2021-01-23,"Jan 31, 2022",0.257,28.03013698630137,28.5013698630137,T,T. Alves,Gamba Osaka,2020,15
Dai,Tsukamoto,20,331,2001-06-23,2020-02-01,"Jan 31, 2023",0.245,18.60928961748634,20.057534246575344,D,D. Tsukamoto,Gamba Osaka,2020,15
Kazunari,Ichimi,23,288,1997-11-10,2016-02-01,"Jan 31, 2022",0.213,18.226775956284154,23.673972602739727,K,K. Ichimi,Gamba Osaka,2020,15
Shunya,Suganuma,31,270,1990-05-17,2018-01-04,"Jan 31, 2022",0.2,27.635616438356166,31.15890410958904,S,S. Suganuma,Gamba Osaka,2020,15
Yota,Sato,22,253,1998-09-10,2021-02-01,"Jan 31, 2022",0.187,22.394520547945206,22.84109589041096,Y,Y. Sato,Gamba Osaka,2020,15
Young-gwon,Kim,31,180,1990-02-27,2019-01-26,"Jan 31, 2022",0.133,28.912328767123288,31.375342465753423,Y,Y. Kim,Gamba Osaka,2020,15
Hiroki,Fujiharu,32,180,1988-11-28,2011-02-01,"Jan 31, 2022",0.133,22.17808219178082,32.62465753424657,H,H. Fujiharu,Gamba Osaka,2020,15
Wellington,Silva,28,116,1993-01-06,2021-03-25,"Jan 31, 2022",0.086,28.213698630136985,28.517808219178082,W,W. Silva,Gamba Osaka,2020,15
Shuhei,Kawasaki,20,106,2001-04-28,2020-02-01,"Jan 31, 2023",0.079,18.762295081967213,20.21095890410959,S,S. Kawasaki,Gamba Osaka,2020,15
Mitchell,Langerak,32,1800,1988-08-22,2018-01-14,"Jan 31, 2022",1,29.397260273972602,32.893150684931506,M,M. Langerak,Nagoya Grampus,2020,20
Yutaka,Yoshida,31,1800,1990-02-17,2019-01-13,"Jan 31, 2022",1,28.904109589041095,31.4027397260274,Y,Y. Yoshida,Nagoya Grampus,2020,20
Sho,Inagaki,29,1735,1991-12-25,2020-01-04,"Jan 31, 2022",0.964,28.027322404371585,29.55068493150685,S,S. Inagaki,Nagoya Grampus,2020,20
NA,Mateus,26,1632,1994-09-11,2019-01-06,"Jan 1, 2022",0.907,24.32054794520548,26.838356164383562,,Mateus,Nagoya Grampus,2020,20
Yuichi,Maruyama,32,1495,1989-06-16,2018-07-16,"Jan 31, 2022",0.831,29.08219178082192,32.07671232876712,Y,Y. Maruyama,Nagoya Grampus,2020,20
Takuji,Yonemoto,30,1466,1990-12-03,2019-01-11,"Jan 31, 2022",0.814,28.106849315068494,30.610958904109587,T,T. Yonemoto,Nagoya Grampus,2020,20
Shinnosuke,Nakatani,25,1453,1996-03-24,2018-07-16,"Jan 31, 2022",0.807,22.312328767123287,25.306849315068494,S,S. Nakatani,Nagoya Grampus,2020,20
Yoichiro,Kakitani,31,1363,1990-01-03,2021-01-09,"Jan 31, 2022",0.757,31.016438356164382,31.526027397260275,Y,Y. Kakitani,Nagoya Grampus,2020,20
Ryogo,Yamasaki,28,1055,1992-09-20,2020-01-05,"Jan 31, 2022",0.586,27.292349726775956,28.813698630136987,R,R. Yamasaki,Nagoya Grampus,2020,20
Yuki,Soma,24,1050,1997-02-25,2019-02-01,"Jan 31, 2022",0.583,21.934246575342467,24.38082191780822,Y,Y. Soma,Nagoya Grampus,2020,20
Shumpei,Naruse,20,928,2001-01-17,2019-02-01,"Jan 31, 2023",0.516,18.041095890410958,20.487671232876714,S,S. Naruse,Nagoya Grampus,2020,20
Yasuki,Kimoto,27,754,1993-08-06,2021-01-09,"Jan 31, 2022",0.419,27.427397260273974,27.936986301369863,Y,Y. Kimoto,Nagoya Grampus,2020,20
Kazuya,Miyahara,25,687,1996-03-22,2019-02-01,"Jan 31, 2022",0.382,22.865753424657534,25.312328767123287,K,K. Miyahara,Nagoya Grampus,2020,20
Naoki,Maeda,26,648,1994-11-17,2018-07-19,"Jan 31, 2022",0.36,23.66849315068493,26.654794520547945,N,N. Maeda,Nagoya Grampus,2020,20
Kazuki,Nagasawa,29,618,1991-12-16,2021-01-09,"Jan 31, 2022",0.343,29.065753424657533,29.575342465753426,K,K. Nagasawa,Nagoya Grampus,2020,20
Manabu,Saito,31,539,1990-04-04,2021-01-09,"Jan 31, 2022",0.299,30.767123287671232,31.276712328767122,M,M. Saito,Nagoya Grampus,2020,20
Gabriel,Xavier,27,441,1993-07-15,2019-01-05,"Jan 1, 2022",0.245,25.476712328767125,27.997260273972604,G,G. Xavier,Nagoya Grampus,2020,20
Ryoya,Morishita,24,195,1997-04-11,2021-01-09,"Jan 31, 2022",0.108,23.747945205479454,24.257534246575343,R,R. Morishita,Nagoya Grampus,2020,20
Hiroyuki,Abe,32,139,1989-07-05,2020-01-04,"Jan 31, 2022",0.077,30.5,32.02465753424657,H,H. Abe,Nagoya Grampus,2020,20
Taiyo,Koga,22,1890,1998-10-28,2017-02-01,"Jan 31, 2022",0.955,18.263013698630136,22.70958904109589,T,T. Koga,Kashiwa Reysol,2020,22
Seung-gyu,Kim,30,1710,1990-09-30,2020-01-10,"Jan 31, 2022",0.864,29.278688524590162,30.786301369863015,S,S. Kim,Kashiwa Reysol,2020,22
Takuma,Ominami,23,1620,1997-12-13,2020-01-04,"Jan 31, 2022",0.818,22.060109289617486,23.583561643835615,T,T. Ominami,Kashiwa Reysol,2020,22
Ataru,Esaka,29,1328,NA,NA,NA,0.671,NA,NA,A,A. Esaka,Kashiwa Reysol,2020,22
Keiya,Shiihashi,24,1270,1997-06-20,2021-01-09,"Jan 31, 2022",0.641,23.556164383561644,24.065753424657533,K,K. Shiihashi,Kashiwa Reysol,2020,22
Takumi,Kamijima,24,1250,1997-02-05,2019-02-01,"Jan 31, 2022",0.631,21.98904109589041,24.435616438356163,T,T. Kamijima,Kashiwa Reysol,2020,22
NA,Cristiano,34,1189,1987-01-12,2016-06-26,"Dec 31, 2022",0.601,29.453551912568305,34.5013698630137,,Cristiano,Kashiwa Reysol,2020,22
Hayato,Nakama,29,1072,1992-05-16,2020-01-04,"Jan 31, 2022",0.541,27.636612021857925,29.161643835616438,H,H. Nakama,Kashiwa Reysol,2020,22
NA,Richardson,29,989,1991-08-17,2019-01-14,"Dec 31, 2021",0.499,27.410958904109588,29.90684931506849,,Richardson,Kashiwa Reysol,2020,22
Hiromu,Mitsumaru,28,909,1993-07-06,2020-01-04,"Jan 31, 2022",0.459,26.497267759562842,28.02191780821918,H,H. Mitsumaru,Kashiwa Reysol,2020,22
Shunki,Takahashi,31,905,1990-05-04,2019-01-05,"Jan 31, 2022",0.457,28.673972602739727,31.194520547945206,S,S. Takahashi,Kashiwa Reysol,2020,22
Yuta,Kamiya,24,764,1997-04-24,2020-02-01,"Jan 31, 2022",0.386,22.773224043715846,24.221917808219178,Y,Y. Kamiya,Kashiwa Reysol,2020,22
NA,Dodi,25,714,1996-04-17,2021-01-15,"Jan 31, 2022",0.361,24.747945205479454,25.24109589041096,,Dodi,Kashiwa Reysol,2020,22
Hiroto,Goya,27,706,NA,NA,NA,0.357,NA,NA,H,H. Goya,Kashiwa Reysol,2020,22
Naoki,Kawaguchi,27,607,1994-05-24,2020-02-01,"Jan 31, 2022",0.307,25.69125683060109,27.13972602739726,N,N. Kawaguchi,Kashiwa Reysol,2020,22
Kengo,Kitazume,29,556,1992-04-30,2020-01-04,"Jan 31, 2022",0.281,27.68032786885246,29.205479452054796,K,K. Kitazume,Kashiwa Reysol,2020,22
Mao,Hosoya,19,535,2001-09-07,2020-02-01,"Jan 31, 2023",0.27,18.401639344262296,19.84931506849315,M,M. Hosoya,Kashiwa Reysol,2020,22
Yusuke,Segawa,27,512,1994-02-07,2018-01-09,"Jan 31, 2022",0.259,23.92054794520548,27.43013698630137,Y,Y. Segawa,Kashiwa Reysol,2020,22
Yuta,Someya,34,505,1986-09-30,2019-01-07,"Jan 31, 2022",0.255,32.271232876712325,34.78630136986301,Y,Y. Someya,Kashiwa Reysol,2020,22
Ippei,Shinozuka,26,394,1995-03-20,2021-01-09,"Jan 31, 2022",0.199,25.80821917808219,26.317808219178083,I,I. Shinozuka,Kashiwa Reysol,2020,22
Matheus,Savio,24,360,1997-04-15,2020-01-04,"Dec 31, 2022",0.182,22.721311475409838,24.246575342465754,M,M. Savio,Kashiwa Reysol,2020,22
Rodrigo,Angelotti,23,360,1998-04-27,2021-01-15,"Jan 31, 2022",0.182,22.720547945205478,23.213698630136985,R,R. Angelotti,Kashiwa Reysol,2020,22
Pedro,Raul,24,299,1996-11-05,2021-02-12,"Jan 31, 2024",0.151,24.27123287671233,24.687671232876713,P,P. Raul,Kashiwa Reysol,2020,22
Masato,Sasaki,19,270,2002-05-01,2021-02-01,"Jan 31, 2024",0.136,18.756164383561643,19.202739726027396,M,M. Sasaki,Kashiwa Reysol,2020,22
Yuji,Takahashi,28,270,1993-04-11,2020-01-04,"Jan 31, 2023",0.136,26.73224043715847,28.257534246575343,Y,Y. Takahashi,Kashiwa Reysol,2020,22
Masatoshi,Mihara,32,206,1988-08-02,2020-02-01,"Jan 31, 2022",0.104,31.5,32.94794520547945,M,M. Mihara,Kashiwa Reysol,2020,22
Hidekazu,Otani,36,172,1984-11-06,2003-02-01,"Jan 31, 2022",0.087,18.23835616438356,36.68493150684932,H,H. Otani,Kashiwa Reysol,2020,22
Sachiro,Toshima,25,147,1995-09-26,2020-01-04,"Jan 31, 2022",0.074,24.273224043715846,25.797260273972604,S,S. Toshima,Kashiwa Reysol,2020,22
Tatsuya,Yamashita,33,116,1987-11-07,2019-08-12,"Jan 31, 2022",0.059,31.76164383561644,33.68219178082192,T,T. Yamashita,Kashiwa Reysol,2020,22
Emerson,Santos,26,45,1995-04-05,2021-03-12,"Jan 1, 2025",0.023,25.934246575342467,26.273972602739725,E,E. Santos,Kashiwa Reysol,2020,22
Fumiya,Unoki,20,37,2001-07-04,2020-02-01,"Jan 31, 2023",0.019,18.579234972677597,20.027397260273972,F,F. Unoki,Kashiwa Reysol,2020,22
Masato,Morishige,34,1800,1987-05-21,2010-01-04,"Jan 31, 2022",0.952,22.624657534246577,34.14794520547945,M,M. Morishige,FC Tokyo,2020,21
Ryoya,Ogawa,24,1765,1996-11-24,2015-02-01,"Jan 31, 2022",0.934,18.18904109589041,24.635616438356166,R,R. Ogawa,FC Tokyo,2020,21
Diego,Oliveira,31,1612,1990-06-22,2019-01-01,"Jan 31, 2022",0.853,28.528767123287672,31.06027397260274,D,D. Oliveira,FC Tokyo,2020,21
Go,Hatano,23,1440,1998-05-25,2017-02-01,"Jan 31, 2022",0.762,18.69041095890411,23.136986301369863,G,G. Hatano,FC Tokyo,2020,21
Tsuyoshi,Watanabe,24,1424,1997-02-05,2019-02-01,"Jan 31, 2022",0.753,21.98904109589041,24.435616438356163,T,T. Watanabe,FC Tokyo,2020,21
Shuto,Abe,23,1408,1997-12-05,2020-02-01,"Jan 31, 2022",0.745,22.15846994535519,23.605479452054794,S,S. Abe,FC Tokyo,2020,21
NA,Adaílton,30,1218,1990-12-06,2020-01-04,"Jan 31, 2022",0.644,29.079234972677597,30.602739726027398,,Adaílton,FC Tokyo,2020,21
Keigo,Higashi,30,1163,1990-07-20,2013-02-01,"Jan 31, 2022",0.615,22.536986301369865,30.983561643835618,K,K. Higashi,FC Tokyo,2020,21
Kyosuke,Tagawa,22,1025,1999-02-11,2019-01-14,"Jan 31, 2022",0.542,19.923287671232877,22.41917808219178,K,K. Tagawa,FC Tokyo,2020,21
Takuya,Aoki,31,1017,1989-09-16,2021-01-09,"Jan 31, 2022",0.538,31.315068493150687,31.824657534246576,T,T. Aoki,FC Tokyo,2020,21
Kensuke,Nagai,32,767,1989-03-05,2017-01-06,"Jan 31, 2022",0.406,27.84109589041096,32.35890410958904,K,K. Nagai,FC Tokyo,2020,21
Hirotaka,Mita,30,738,1990-09-14,2019-07-17,"Jan 31, 2022",0.39,28.838356164383562,30.83013698630137,H,H. Mita,FC Tokyo,2020,21
Takumi,Nakamura,20,652,2001-03-16,2019-02-01,"Jan 31, 2022",0.345,17.882191780821916,20.328767123287673,T,T. Nakamura,FC Tokyo,2020,21
NA,Leandro,28,619,1993-05-12,2021-01-09,"Jan 31, 2022",0.328,27.663013698630138,28.172602739726027,,Leandro,FC Tokyo,2020,21
Joan,Oumari,32,594,1988-08-19,2020-01-10,"Jan 31, 2022",0.314,31.39344262295082,32.9013698630137,J,J. Oumari,FC Tokyo,2020,21
Makoto,Okazaki,22,527,1998-10-10,2017-02-01,"Jan 31, 2023",0.279,18.312328767123287,22.75890410958904,M,M. Okazaki,FC Tokyo,2020,21
Hotaka,Nakamura,23,462,1997-08-12,2020-02-01,"Jan 31, 2022",0.244,22.472677595628415,23.92054794520548,H,H. Nakamura,FC Tokyo,2020,21
Tsuyoshi,Kodama,33,450,1987-12-28,2019-01-04,"Jan 31, 2022",0.238,31.019178082191782,33.54246575342466,T,T. Kodama,FC Tokyo,2020,21
Yojiro,Takahagi,34,390,1986-08-02,2017-01-19,"Jan 31, 2022",0.206,30.465753424657535,34.94794520547945,Y,Y. Takahagi,FC Tokyo,2020,21
Sodai,Hasukawa,23,367,1998-06-27,2021-02-01,"Jan 31, 2022",0.194,22.6,23.046575342465754,S,S. Hasukawa,FC Tokyo,2020,21
Takuya,Uchida,23,347,1998-06-02,2017-02-01,"Jan 31, 2022",0.184,18.66849315068493,23.115068493150684,T,T. Uchida,FC Tokyo,2020,21
Arthur,Silva,26,280,NA,NA,NA,0.148,NA,NA,A,A. Silva,FC Tokyo,2020,21
Kashif,Bangunagande,19,271,2001-09-24,2020-02-01,"Jan 31, 2023",0.143,18.3551912568306,19.802739726027397,K,K. Bangunagande,FC Tokyo,2020,21
Ryoma,Watanabe,24,202,1996-10-02,2021-01-09,"Jan 31, 2022",0.107,24.27123287671233,24.78082191780822,R,R. Watanabe,FC Tokyo,2020,21
Manato,Shinada,21,90,1999-09-19,2018-02-01,"Jan 31, 2022",0.048,18.36986301369863,21.816438356164383,M,M. Shinada,FC Tokyo,2020,21
Shuto,Okaniwa,21,45,1999-09-16,2021-06-04,"Jan 31, 2022",0.024,21.715068493150685,21.824657534246576,S,S. Okaniwa,FC Tokyo,2020,21
Bruno,Uvini,30,44,1991-06-03,2021-01-29,"Jan 31, 2022",0.023,29.65753424657534,30.112328767123287,B,B. Uvini,FC Tokyo,2020,21
Shuichi,Gonda,32,1890,1989-03-03,2021-01-02,"Jan 31, 2022",1,31.835616438356166,32.364383561643834,S,S. Gonda,Shimizu S-Pulse,2020,21
NA,Thiago,28,1721,1993-02-04,2021-01-09,"Dec 31, 2023",0.911,27.92896174863388,28.438356164383563,,Thiago,Shimizu S-Pulse,2020,21
Yoshinori,Suzuki,28,1484,1992-09-11,2021-01-09,"Jan 31, 2022",0.785,28.328767123287673,28.838356164383562,Y,Y. Suzuki,Shimizu S-Pulse,2020,21
Katsuhiro,Nakayama,24,1320,1996-07-17,2021-01-09,"Jan 31, 2022",0.698,24.482191780821918,24.991780821917807,K,K. Nakayama,Shimizu S-Pulse,2020,21
Kota,Miyamoto,25,1238,1996-06-19,2015-02-01,"Jan 31, 2022",0.655,18.621917808219177,25.068493150684933,K,K. Miyamoto,Shimizu S-Pulse,2020,21
NA,Valdo,29,1229,1992-02-10,2020-01-15,"Jan 31, 2022",0.65,27.92876712328767,29.421917808219177,,Valdo,Shimizu S-Pulse,2020,21
Teruki,Hara,22,1124,1998-07-30,2021-01-09,"Jan 31, 2022",0.595,22.446575342465753,22.956164383561642,T,T. Hara,Shimizu S-Pulse,2020,21
Ryo,Okui,31,1064,1990-03-07,2020-01-08,"Jan 31, 2022",0.563,29.838797814207652,31.353424657534248,R,R. Okui,Shimizu S-Pulse,2020,21
Yuito,Suzuki,19,1063,2001-10-25,2020-02-01,"Jan 31, 2023",0.562,18.270491803278688,19.71780821917808,Y,Y. Suzuki,Shimizu S-Pulse,2020,21
Carlinhos,Junior,26,1030,1994-08-08,2020-02-20,"Jan 1, 2023",0.545,25.53551912568306,26.931506849315067,C,C. Junior,Shimizu S-Pulse,2020,21
Ryo,Takeuchi,30,1017,1991-03-08,2009-02-01,"Jan 31, 2022",0.538,17.904109589041095,30.350684931506848,R,R. Takeuchi,Shimizu S-Pulse,2020,21
Yugo,Tatsuta,23,986,1998-06-21,2017-02-01,"Jan 31, 2023",0.522,18.616438356164384,23.063013698630137,Y,Y. Tatsuta,Shimizu S-Pulse,2020,21
Yosuke,Kawai,31,964,1989-08-04,2012-02-01,"Jan 31, 2022",0.51,22.494535519125684,31.942465753424656,Y,Y. Kawai,Shimizu S-Pulse,2020,21
Eiichi,Katayama,29,951,1991-11-30,2021-01-09,"Jan 31, 2022",0.503,29.10958904109589,29.61917808219178,E,E. Katayama,Shimizu S-Pulse,2020,21
NA,Elsinho,31,920,1989-11-30,2019-01-10,"Jan 31, 2022",0.487,29.112328767123287,31.61917808219178,,Elsinho,Shimizu S-Pulse,2020,21
Keita,Nakamura,28,680,1993-06-30,2019-01-05,"Jan 31, 2022",0.36,25.517808219178082,28.03835616438356,K,K. Nakamura,Shimizu S-Pulse,2020,21
Akira,Silvano,25,476,1996-04-02,2021-01-09,"Jan 31, 2024",0.252,24.77260273972603,25.28219178082192,A,A. Silvano,Shimizu S-Pulse,2020,21
Kenta,Nishizawa,24,473,1996-09-06,2019-02-01,"Jan 31, 2022",0.25,22.405479452054795,24.852054794520548,K,K. Nishizawa,Shimizu S-Pulse,2020,21
Yusuke,Goto,28,401,1993-04-23,2020-01-04,"Jan 31, 2022",0.212,26.69945355191257,28.224657534246575,Y,Y. Goto,Shimizu S-Pulse,2020,21
Naoya,Fukumori,28,342,1992-08-29,2019-07-31,"Jan 31, 2022",0.181,26.92054794520548,28.873972602739727,N,N. Fukumori,Shimizu S-Pulse,2020,21
Shota,Kaneko,26,156,NA,NA,NA,0.083,NA,NA,S,S. Kaneko,Shimizu S-Pulse,2020,21
Renato,Augusto,29,128,1992-01-29,2019-01-30,"Jan 31, 2022",0.068,27.002739726027396,29.454794520547946,R,R. Augusto,Shimizu S-Pulse,2020,21
Hiroshi,Ibusuki,30,93,1991-02-27,2021-01-09,"Jan 31, 2022",0.049,29.866120218579233,30.375342465753423,H,H. Ibusuki,Shimizu S-Pulse,2020,21
Yuta,Taki,21,36,1999-08-29,2018-02-01,"Jan 31, 2022",0.019,18.427397260273974,21.873972602739727,Y,Y. Taki,Shimizu S-Pulse,2020,21
Hiroyuki,Mae,25,1871,1995-08-01,2020-01-04,"Jan 31, 2022",0.99,24.42622950819672,25.95068493150685,H,H. Mae,Avispa Fukuoka,2020,21
Masaaki,Murakami,28,1800,1992-08-07,2020-02-01,"Jan 31, 2022",0.952,27.48633879781421,28.934246575342467,M,M. Murakami,Avispa Fukuoka,2020,21
Emil,Salomonsson,32,1759,1989-04-28,2021-01-09,"Jan 31, 2022",0.931,31.7013698630137,32.21095890410959,E,E. Salomonsson,Avispa Fukuoka,2020,21
Douglas,Grolli,31,1530,1989-10-05,2020-02-18,"Jan 31, 2022",0.81,30.371584699453553,31.77260273972603,D,D. Grolli,Avispa Fukuoka,2020,21
Takaaki,Shichi,27,1205,1993-12-27,2021-01-09,"Jan 31, 2022",0.638,27.035616438356165,27.545205479452054,T,T. Shichi,Avispa Fukuoka,2020,21
Takeshi,Kanamori,27,1174,1994-04-04,2021-02-18,"Jan 31, 2022",0.621,26.876712328767123,27.276712328767122,T,T. Kanamori,Avispa Fukuoka,2020,21
Bruno,Mendes,26,1107,1994-08-02,2021-02-01,"Jan 31, 2022",0.586,26.5013698630137,26.947945205479453,B,B. Mendes,Avispa Fukuoka,2020,21
Tatsuki,Nara,27,1074,1993-09-19,2021-02-01,"Jan 31, 2022",0.568,27.36986301369863,27.816438356164383,T,T. Nara,Avispa Fukuoka,2020,21
Yuya,Yamagishi,27,977,1993-08-29,2020-10-06,"Jan 31, 2022",0.517,27.104109589041094,27.873972602739727,Y,Y. Yamagishi,Avispa Fukuoka,2020,21
Daiki,Miya,25,959,1996-04-01,2021-01-09,"Jan 31, 2022",0.507,24.775342465753425,25.284931506849315,D,D. Miya,Avispa Fukuoka,2020,21
Sotan,Tanabe,31,949,1990-04-06,2019-01-01,"Jan 31, 2022",0.502,28.73972602739726,31.27123287671233,S,S. Tanabe,Avispa Fukuoka,2020,21
Takuya,Shigehiro,26,898,1995-05-05,2020-01-04,"Jan 31, 2022",0.475,24.666666666666668,26.19178082191781,T,T. Shigehiro,Avispa Fukuoka,2020,21
Daisuke,Ishizu,31,646,1990-01-15,2012-02-01,"Jan 31, 2022",0.342,22.046448087431695,31.493150684931507,D,D. Ishizu,Avispa Fukuoka,2020,21
Taro,Sugimoto,25,638,1996-02-12,2021-01-09,"Jan 31, 2022",0.338,24.907103825136613,25.416438356164385,T,T. Sugimoto,Avispa Fukuoka,2020,21
Daiki,Watari,28,575,1993-06-25,2021-01-09,"Jan 31, 2022",0.304,27.542465753424658,28.052054794520547,D,D. Watari,Avispa Fukuoka,2020,21
Juanma,Delgado,30,558,1990-11-17,2020-01-04,"Jan 31, 2022",0.295,29.131147540983605,30.654794520547945,J,J. Delgado,Avispa Fukuoka,2020,21
Jordy,Croux,27,517,1994-01-15,2021-01-08,"Jan 31, 2023",0.274,26.98087431693989,27.493150684931507,J,J. Croux,Avispa Fukuoka,2020,21
Naoki,Wako,31,498,1989-11-26,2018-01-05,"Jan 31, 2022",0.263,28.10958904109589,31.63013698630137,N,N. Wako,Avispa Fukuoka,2020,21
Masato,Yuzawa,27,443,1993-10-10,2020-01-04,"Jan 31, 2022",0.234,26.23497267759563,27.75890410958904,M,M. Yuzawa,Avispa Fukuoka,2020,21
NA,Cauê,32,367,1989-05-24,2021-02-15,-,0.194,31.731506849315068,32.13972602739726,,Cauê,Avispa Fukuoka,2020,21
Masakazu,Yoshioka,26,323,1995-03-09,2021-01-12,"Jan 31, 2022",0.171,25.846575342465755,26.34794520547945,M,M. Yoshioka,Avispa Fukuoka,2020,21
Carlos,Gutiérrez,29,232,1991-11-04,2020-01-09,"Jan 31, 2022",0.123,28.18032786885246,29.69041095890411,C,C. Gutiérrez,Avispa Fukuoka,2020,21
John,Mary,28,196,1993-03-09,2021-02-26,"Dec 31, 2021",0.104,27.96986301369863,28.34794520547945,J,J. Mary,Avispa Fukuoka,2020,21
Kennedy,Egbus,21,133,NA,NA,NA,0.07,NA,NA,K,K. Egbus,Avispa Fukuoka,2020,21
Hisashi,Jogo,35,123,1986-04-16,2005-02-01,"Jan 31, 2022",0.065,18.797260273972604,35.24383561643835,H,H. Jogo,Avispa Fukuoka,2020,21
Rikihiro,Sugiyama,34,90,1987-05-01,2017-01-06,"Jan 31, 2022",0.048,29.684931506849313,34.202739726027396,R,R. Sugiyama,Avispa Fukuoka,2020,21
Yuji,Kitajima,20,62,2000-08-04,2019-02-01,"Jan 31, 2022",0.033,18.495890410958904,20.942465753424656,Y,Y. Kitajima,Avispa Fukuoka,2020,21
Naoto,Kamifukumoto,31,1980,1989-11-17,2020-01-08,"Jan 31, 2022",1,30.14207650273224,31.654794520547945,N,N. Kamifukumoto,Tokushima Vortis,2020,22
Takeru,Kishimoto,23,1891,1997-07-16,2019-08-15,"Jan 31, 2022",0.955,22.081967213114755,23.994520547945207,T,T. Kishimoto,Tokushima Vortis,2020,22
Ken,Iwao,33,1855,1988-04-18,2016-02-01,"Jan 31, 2022",0.937,27.7896174863388,33.23835616438356,K,K. Iwao,Tokushima Vortis,2020,22
Taisei,Miyashiro,21,1610,2000-05-26,2021-02-01,"Jan 31, 2022",0.813,20.687671232876713,21.134246575342466,T,T. Miyashiro,Tokushima Vortis,2020,22
Yuki,Kakita,24,1446,1997-07-14,2020-02-01,"Jan 31, 2022",0.73,22.55191256830601,24,Y,Y. Kakita,Tokushima Vortis,2020,22
Shota,Fukuoka,25,1377,1995-10-24,2019-01-05,"Jan 31, 2022",0.695,23.2,25.720547945205478,S,S. Fukuoka,Tokushima Vortis,2020,22
NA,Diego,25,1138,1995-09-21,2019-01-01,"Jan 31, 2022",0.575,23.279452054794522,25.81095890410959,,Diego,Tokushima Vortis,2020,22
Tokuma,Suzuki,24,1025,1997-03-12,2019-02-01,"Jan 31, 2022",0.518,21.893150684931506,24.339726027397262,T,T. Suzuki,Tokushima Vortis,2020,22
Masaki,Watai,21,964,1999-07-18,2018-02-01,"Jan 31, 2022",0.487,18.542465753424658,21.98904109589041,M,M. Watai,Tokushima Vortis,2020,22
Shiryu,Fujiwara,20,912,2000-09-05,2019-02-01,"Jan 31, 2022",0.461,18.40821917808219,20.854794520547944,S,S. Fujiwara,Tokushima Vortis,2020,22
NA,Cacá,22,840,1999-04-25,2021-02-14,"Jan 31, 2025",0.424,21.80821917808219,22.21917808219178,,Cacá,Tokushima Vortis,2020,22
Koki,Sugimori,24,764,1997-04-05,2021-02-01,"Jan 31, 2022",0.386,23.827397260273973,24.273972602739725,K,K. Sugimori,Tokushima Vortis,2020,22
Joel,Chima,19,719,2002-02-16,2021-01-13,"Jan 31, 2022",0.363,18.907103825136613,19.405479452054795,J,J. Chima,Tokushima Vortis,2020,22
Yudai,Konishi,23,668,1998-04-18,2017-02-01,"Jan 31, 2022",0.337,18.791780821917808,23.23835616438356,Y,Y. Konishi,Tokushima Vortis,2020,22
Akira,Hamashita,26,667,1995-07-05,2020-01-04,"Jan 31, 2022",0.337,24.5,26.024657534246575,A,A. Hamashita,Tokushima Vortis,2020,22
Cristian,Battocchio,29,562,1992-02-10,2021-02-06,"Jan 31, 2022",0.284,28.989071038251367,29.421917808219177,C,C. Battocchio,Tokushima Vortis,2020,22
Daisei,Suzuki,25,495,1996-05-28,2019-02-01,"Jan 31, 2022",0.25,22.682191780821917,25.12876712328767,D,D. Suzuki,Tokushima Vortis,2020,22
Taiki,Tamukai,29,468,1992-03-24,2019-01-05,"Jan 31, 2022",0.236,26.786301369863015,29.306849315068494,T,T. Tamukai,Tokushima Vortis,2020,22
Dusan,Cvetinovic,32,467,1988-12-24,2020-01-10,"Jan 31, 2022",0.236,31.046448087431695,32.553424657534244,D,D. Cvetinovic,Tokushima Vortis,2020,22
Noriki,Fuke,23,373,1997-07-22,2020-02-01,"Jan 31, 2022",0.188,22.530054644808743,23.97808219178082,N,N. Fuke,Tokushima Vortis,2020,22
Atsushi,Kawata,28,367,1992-09-18,2019-01-06,"Jan 31, 2022",0.185,26.301369863013697,28.81917808219178,A,A. Kawata,Tokushima Vortis,2020,22
Takashi,Abe,23,328,NA,NA,NA,0.166,NA,NA,T,T. Abe,Tokushima Vortis,2020,22
Hidenori,Ishii,35,317,1985-09-23,2015-01-08,"Jan 31, 2022",0.16,29.293150684931508,35.8054794520548,H,H. Ishii,Tokushima Vortis,2020,22
Kazuki,Nishiya,27,202,1993-10-05,2020-01-05,"Jan 31, 2022",0.102,26.25136612021858,27.77260273972603,K,K. Nishiya,Tokushima Vortis,2020,22
Seiya,Fujita,34,190,1987-06-02,2019-02-01,"Jan 31, 2022",0.096,31.66849315068493,34.11506849315069,S,S. Fujita,Tokushima Vortis,2020,22
Taiyo,Nishino,18,76,2002-08-10,2021-02-01,"Jan 31, 2024",0.038,18.47945205479452,18.926027397260274,T,T. Nishino,Tokushima Vortis,2020,22
Chie,Edoojon,23,54,1998-04-21,2017-02-01,"Jan 31, 2022",0.027,18.783561643835615,23.23013698630137,C,C. Edoojon,Tokushima Vortis,2020,22
Akihiro,Sato,34,18,1986-10-22,2015-01-05,"Jan 31, 2022",0.009,28.205479452054796,34.726027397260275,A,A. Sato,Tokushima Vortis,2020,22
Keisuke,Osako,21,1890,1999-07-28,2018-02-01,"Jan 31, 2022",0.955,18.515068493150686,21.96164383561644,K,K. Osako,Sanfrecce Hiroshima,2020,22
Hayato,Araki,24,1784,1996-08-07,2019-02-01,"Jan 31, 2023",0.901,22.487671232876714,24.934246575342467,H,H. Araki,Sanfrecce Hiroshima,2020,22
Yuki,Nogami,30,1720,1991-04-20,2016-07-11,"Jan 31, 2024",0.869,25.224657534246575,30.232876712328768,Y,Y. Nogami,Sanfrecce Hiroshima,2020,22
Tsukasa,Morishima,24,1649,1997-04-25,2016-02-01,"Jan 31, 2023",0.833,18.770491803278688,24.21917808219178,T,T. Morishima,Sanfrecce Hiroshima,2020,22
Hayao,Kawabe,25,1602,NA,NA,NA,0.809,NA,NA,H,H. Kawabe,Sanfrecce Hiroshima,2020,22
Júnior,Santos,26,1409,1994-10-11,2021-02-01,"Jan 31, 2022",0.712,26.30958904109589,26.756164383561643,J,J. Santos,Sanfrecce Hiroshima,2020,22
Yuya,Asano,24,1388,1997-02-17,2019-08-15,"Jan 31, 2024",0.701,22.49041095890411,24.4027397260274,Y,Y. Asano,Sanfrecce Hiroshima,2020,22
Shunki,Higashi,20,1333,2000-07-28,2018-09-02,"Jan 31, 2022",0.673,18.0986301369863,20.96164383561644,S,S. Higashi,Sanfrecce Hiroshima,2020,22
Sho,Sasaki,31,1328,1989-10-02,2015-01-10,"Jan 31, 2022",0.671,25.273972602739725,31.78082191780822,S,S. Sasaki,Sanfrecce Hiroshima,2020,22
Toshihiro,Aoyama,35,1312,1986-02-22,2004-02-01,"Jan 31, 2022",0.663,17.942465753424656,35.38904109589041,T,T. Aoyama,Sanfrecce Hiroshima,2020,22
Yuta,Imazu,26,903,1995-07-08,2021-01-09,"Jan 31, 2022",0.456,25.506849315068493,26.016438356164382,Y,Y. Imazu,Sanfrecce Hiroshima,2020,22
Yoshifumi,Kashiwa,33,893,1987-07-28,2014-01-06,"Jan 31, 2022",0.451,26.443835616438356,33.961643835616435,Y,Y. Kashiwa,Sanfrecce Hiroshima,2020,22
NA,Ezequiel,23,837,1998-03-09,2020-01-11,"Jan 1, 2022",0.423,21.84153005464481,23.34794520547945,,Ezequiel,Sanfrecce Hiroshima,2020,22
Tomoya,Fujii,22,772,1998-12-04,2021-02-01,"Jan 31, 2024",0.39,22.161643835616438,22.60821917808219,T,T. Fujii,Sanfrecce Hiroshima,2020,22
Douglas,Vieira,33,602,1987-11-12,2019-01-05,"Jan 31, 2022",0.304,31.147945205479452,33.66849315068493,D,D. Vieira,Sanfrecce Hiroshima,2020,22
NA,Rhayner,30,481,1990-09-05,2021-02-01,"Jan 1, 2022",0.243,30.40821917808219,30.854794520547944,,Rhayner,Sanfrecce Hiroshima,2020,22
Yusuke,Chajima,29,449,1991-07-20,2014-02-01,"Jan 31, 2022",0.227,22.536986301369865,29.983561643835618,Y,Y. Chajima,Sanfrecce Hiroshima,2020,22
Kosei,Shibasaki,36,417,1984-08-28,2014-01-07,"Jan 31, 2022",0.211,29.361643835616437,36.87671232876713,K,K. Shibasaki,Sanfrecce Hiroshima,2020,22
Shun,Ayukawa,19,397,2001-09-15,2020-02-01,"Jan 31, 2023",0.201,18.379781420765028,19.827397260273973,S,S. Ayukawa,Sanfrecce Hiroshima,2020,22
Yoichi,Naganuma,24,285,1997-04-14,2016-02-01,"Jan 31, 2022",0.144,18.80054644808743,24.24931506849315,Y,Y. Naganuma,Sanfrecce Hiroshima,2020,22
Akira,Ibayashi,30,97,NA,NA,NA,0.049,NA,NA,A,A. Ibayashi,Sanfrecce Hiroshima,2020,22
Takuto,Hayashi,38,90,1982-08-09,2014-01-05,"Jan 31, 2022",0.045,31.40821917808219,38.92876712328767,T,T. Hayashi,Sanfrecce Hiroshima,2020,22
Kohei,Shimizu,32,90,1989-04-30,2020-02-01,"Jan 31, 2022",0.045,30.756830601092897,32.205479452054796,K,K. Shimizu,Sanfrecce Hiroshima,2020,22
Ryo,Nagai,30,45,1991-05-23,2020-01-04,"Jan 31, 2022",0.023,28.617486338797814,30.14246575342466,R,R. Nagai,Sanfrecce Hiroshima,2020,22
Akito,Fukumori,28,1762,1992-12-16,2017-02-01,"Jan 31, 2022",0.979,24.12876712328767,28.575342465753426,A,A. Fukumori,Hokkaido Consadole Sapporo,2020,20
Shunta,Tanaka,24,1710,1997-05-26,2020-02-01,"Jan 31, 2024",0.95,22.685792349726775,24.134246575342466,S,S. Tanaka,Hokkaido Consadole Sapporo,2020,20
Takuro,Kaneko,23,1670,1997-07-30,2020-02-01,"Jan 31, 2025",0.928,22.508196721311474,23.956164383561642,T,T. Kaneko,Hokkaido Consadole Sapporo,2020,20
Hiroki,Miyazawa,32,1637,1989-06-28,2008-02-01,"Jan 31, 2022",0.909,18.595628415300546,32.04383561643836,H,H. Miyazawa,Hokkaido Consadole Sapporo,2020,20
Takanori,Sugeno,37,1620,1984-05-03,2020-02-01,"Jan 31, 2022",0.9,35.74863387978142,37.1972602739726,T,T. Sugeno,Hokkaido Consadole Sapporo,2020,20
Yoshiaki,Komai,29,1568,1992-06-06,2019-02-01,"Jan 31, 2022",0.871,26.65753424657534,29.104109589041094,Y,Y. Komai,Hokkaido Consadole Sapporo,2020,20
Anderson,Lopes,27,1218,NA,NA,NA,0.677,NA,NA,A,A. Lopes,Hokkaido Consadole Sapporo,2020,20
Tomoki,Takamine,23,1133,1997-12-29,2020-02-01,"Jan 31, 2022",0.629,22.092896174863387,23.53972602739726,T,T. Takamine,Hokkaido Consadole Sapporo,2020,20
Chanathip,Songkrasin,27,1050,1993-10-05,2019-02-01,"Jan 31, 2025",0.583,25.326027397260273,27.77260273972603,C,C. Songkrasin,Hokkaido Consadole Sapporo,2020,20
Lucas,Fernandes,27,1010,1994-04-24,2020-01-06,"Jan 31, 2022",0.561,25.702185792349727,27.221917808219178,L,L. Fernandes,Hokkaido Consadole Sapporo,2020,20
Daiki,Suga,22,970,1998-09-10,2017-02-01,"Jan 31, 2022",0.539,18.394520547945206,22.84109589041096,D,D. Suga,Hokkaido Consadole Sapporo,2020,20
Tsuyoshi,Ogashiwa,23,919,1998-07-09,2021-02-01,"Jan 31, 2022",0.511,22.567123287671233,23.013698630136986,T,T. Ogashiwa,Hokkaido Consadole Sapporo,2020,20
Kazuki,Fukai,26,756,1995-03-11,2013-02-01,"Jan 31, 2022",0.42,17.895890410958906,26.34246575342466,K,K. Fukai,Hokkaido Consadole Sapporo,2020,20
Min-tae,Kim,27,629,1993-11-26,2017-01-01,"Jan 31, 2022",0.349,23.0986301369863,27.63013698630137,M,M. Kim,Hokkaido Consadole Sapporo,2020,20
Ryota,Aoki,25,563,1996-03-06,2021-02-01,"Jan 31, 2022",0.313,24.90958904109589,25.356164383561644,R,R. Aoki,Hokkaido Consadole Sapporo,2020,20
Jay,Bothroyd,39,447,1982-05-07,2017-07-01,"Jan 31, 2022",0.248,35.15068493150685,39.18630136986302,J,J. Bothroyd,Hokkaido Consadole Sapporo,2020,20
Takuma,Arano,28,371,1993-04-20,2012-02-01,"Jan 31, 2022",0.206,18.784153005464482,28.232876712328768,T,T. Arano,Hokkaido Consadole Sapporo,2020,20
Daihachi,Okamura,24,340,1997-02-15,2021-01-09,"Jan 31, 2022",0.189,23.898907103825138,24.40821917808219,D,D. Okamura,Hokkaido Consadole Sapporo,2020,20
Kojiro,Nakano,22,180,1999-03-05,2021-02-01,"Jan 31, 2026",0.1,21.912328767123288,22.35890410958904,K,K. Nakano,Hokkaido Consadole Sapporo,2020,20
NA,Douglas,26,125,1995-01-16,2020-02-02,"Jan 31, 2022",0.069,25.046448087431695,26.49041095890411,,Douglas,Hokkaido Consadole Sapporo,2020,20
Takahiro,Yanagi,23,50,1997-08-05,2021-02-01,"Jan 31, 2022",0.028,23.493150684931507,23.93972602739726,T,T. Yanagi,Hokkaido Consadole Sapporo,2020,20
Taika,Nakashima,19,27,2002-06-08,2021-02-01,"Jan 31, 2024",0.015,18.65205479452055,19.0986301369863,T,T. Nakashima,Hokkaido Consadole Sapporo,2020,20
Shinji,Ono,41,10,1979-09-27,2021-01-09,"Jan 31, 2022",0.006,41.28493150684932,41.794520547945204,S,S. Ono,Hokkaido Consadole Sapporo,2020,20
Il-kyu,Park,31,1800,1989-12-22,2021-02-01,"Jan 31, 2022",1,31.112328767123287,31.55890410958904,I,I. Park,Sagan Tosu,2020,20
NA,Eduardo,28,1800,1993-04-27,2020-01-04,"Jan 31, 2022",1,26.688524590163933,28.213698630136985,,Eduardo,Sagan Tosu,2020,20
Yuta,Higuchi,24,1703,1996-10-30,2019-02-01,"Jan 31, 2022",0.946,22.257534246575343,24.704109589041096,Y,Y. Higuchi,Sagan Tosu,2020,20
Daiki,Matsuoka,20,1650,2001-06-01,2019-06-01,"Jan 31, 2022",0.917,18,20.117808219178084,D,D. Matsuoka,Sagan Tosu,2020,20
Nanasei,Iino,24,1600,1996-10-02,2021-01-09,"Jan 31, 2022",0.889,24.27123287671233,24.78082191780822,N,N. Iino,Sagan Tosu,2020,20
Keiya,Sento,26,1556,1994-12-29,2021-02-01,"Jan 31, 2023",0.864,26.09315068493151,26.53972602739726,K,K. Sento,Sagan Tosu,2020,20
Seok-ho,Hwang,32,1434,1989-06-27,2021-01-09,"Jan 31, 2022",0.797,31.536986301369865,32.04657534246575,S,S. Hwang,Sagan Tosu,2020,20
Daichi,Hayashi,24,1354,1997-05-23,2020-02-01,"Jan 31, 2022",0.752,22.693989071038253,24.14246575342466,D,D. Hayashi,Sagan Tosu,2020,20
Shinya,Nakano,17,1324,2003-08-17,NA,-,0.736,NA,17.90684931506849,S,S. Nakano,Sagan Tosu,2020,20
Keita,Yamashita,25,1191,1996-03-13,2021-01-09,"Jan 31, 2022",0.662,24.827397260273973,25.336986301369862,K,K. Yamashita,Sagan Tosu,2020,20
Tomoya,Koyamatsu,26,1098,1995-04-24,2020-01-04,"Jan 31, 2022",0.61,24.69672131147541,26.221917808219178,T,T. Koyamatsu,Sagan Tosu,2020,20
Fuchi,Honda,20,744,2001-05-10,2020-02-01,"Jan 31, 2023",0.413,18.729508196721312,20.17808219178082,F,F. Honda,Sagan Tosu,2020,20
Yoshihiro,Nakano,28,598,1993-02-24,2021-03-24,"Jan 31, 2022",0.332,28.076712328767123,28.383561643835616,Y,Y. Nakano,Sagan Tosu,2020,20
Ayumu,Ohata,20,538,2001-04-27,2020-02-01,"Jan 31, 2023",0.299,18.76502732240437,20.213698630136985,A,A. Ohata,Sagan Tosu,2020,20
Noriyoshi,Sakai,28,460,1992-11-09,2021-01-09,"Jan 31, 2022",0.256,28.167123287671235,28.676712328767124,N,N. Sakai,Sagan Tosu,2020,20
Toshio,Shimakawa,31,440,1990-05-28,2021-01-09,"Jan 31, 2022",0.244,30.61917808219178,31.12876712328767,T,T. Shimakawa,Sagan Tosu,2020,20
Masaya,Tashiro,28,197,1993-05-01,2021-01-09,"Jan 31, 2022",0.109,27.693150684931506,28.202739726027396,M,M. Tashiro,Sagan Tosu,2020,20
Kaisei,Ishii,21,117,NA,NA,NA,0.065,NA,NA,K,K. Ishii,Sagan Tosu,2020,20
Ismael,Dunga,28,38,1993-02-24,2021-01-25,"Dec 31, 2023",0.021,27.918032786885245,28.383561643835616,I,I. Dunga,Sagan Tosu,2020,20
Daisuke,Matsumoto,22,29,1998-09-10,2021-02-01,"Jan 31, 2022",0.016,22.394520547945206,22.84109589041096,D,D. Matsumoto,Sagan Tosu,2020,20
Yuto,Uchida,26,21,1995-04-29,2020-01-04,"Jan 31, 2022",0.012,24.683060109289617,26.208219178082192,Y,Y. Uchida,Sagan Tosu,2020,20
Ryunosuke,Sagara,18,21,2002-08-17,2021-02-01,"Jan 31, 2024",0.012,18.46027397260274,18.90684931506849,R,R. Sagara,Sagan Tosu,2020,20
Rio,Nitta,18,12,2003-04-10,NA,-,0.007,NA,18.26027397260274,R,R. Nitta,Sagan Tosu,2020,20
Yong-gi,Ryang,39,11,1982-01-07,2020-01-08,"Jan 31, 2022",0.006,38.00273224043716,39.515068493150686,Y,Y. Ryang,Sagan Tosu,2020,20
Yohei,Toyoda,36,8,NA,NA,NA,0.004,NA,NA,Y,Y. Toyoda,Sagan Tosu,2020,20
Taichi,Fukui,16,6,2004-07-15,NA,-,0.003,NA,16.997260273972604,T,T. Fukui,Sagan Tosu,2020,20
Yuto,Misao,30,1580,1991-04-16,2019-02-01,"Jan 31, 2022",0.836,27.797260273972604,30.243835616438357,Y,Y. Misao,Oita Trinita,2020,21
Yamato,Machida,31,1549,1989-12-19,2020-01-04,"Jan 31, 2022",0.82,30.043715846994534,31.567123287671233,Y,Y. Machida,Oita Trinita,2020,21
Hokuto,Shimoda,29,1474,1991-11-07,2021-01-09,"Jan 31, 2022",0.78,29.172602739726027,29.682191780821917,H,H. Shimoda,Oita Trinita,2020,21
Keisuke,Saka,26,1190,1995-05-07,2021-01-09,"Jan 31, 2022",0.63,25.676712328767124,26.186301369863013,K,K. Saka,Oita Trinita,2020,21
Shun,Nagasawa,32,1122,1988-08-25,2021-01-09,"Jan 31, 2022",0.594,32.37534246575343,32.88493150684931,S,S. Nagasawa,Oita Trinita,2020,21
William,Popp,26,1080,1994-10-21,2021-02-01,"Jan 31, 2022",0.571,26.28219178082192,26.72876712328767,W,W. Popp,Oita Trinita,2020,21
Yuki,Kagawa,29,1026,1992-07-02,2020-01-04,"Jan 31, 2022",0.543,27.508196721311474,29.03287671232877,Y,Y. Kagawa,Oita Trinita,2020,21
Yuta,Koide,26,981,1994-10-20,2020-01-06,"Jan 31, 2022",0.519,25.21311475409836,26.731506849315068,Y,Y. Koide,Oita Trinita,2020,21
Yuki,Kobayashi,32,979,1988-10-18,2019-08-13,"Jan 31, 2022",0.518,30.81917808219178,32.73698630136986,Y,Y. Kobayashi,Oita Trinita,2020,21
Seigo,Kobayashi,27,955,1994-01-08,2019-02-01,"Jan 31, 2022",0.505,25.065753424657533,27.512328767123286,S,S. Kobayashi,Oita Trinita,2020,21
Arata,Watanabe,25,924,1995-08-05,2021-01-09,"Jan 31, 2022",0.489,25.43013698630137,25.93972602739726,A,A. Watanabe,Oita Trinita,2020,21
Kento,Haneda,24,916,1997-07-07,2020-02-01,"Jan 31, 2022",0.485,22.57103825136612,24.019178082191782,K,K. Haneda,Oita Trinita,2020,21
Kenta,Inoue,22,859,1998-07-23,2021-02-01,"Jan 31, 2022",0.454,22.528767123287672,22.975342465753425,K,K. Inoue,Oita Trinita,2020,21
Shun,Takagi,32,810,1989-05-22,2017-01-04,"Jan 31, 2022",0.429,27.621917808219177,32.14520547945205,S,S. Takagi,Oita Trinita,2020,21
Rei,Matsumoto,33,756,1988-02-25,2015-02-01,"Jan 31, 2022",0.4,26.934246575342467,33.38082191780822,R,R. Matsumoto,Oita Trinita,2020,21
Yushi,Hasegawa,24,755,1996-12-06,2019-02-01,"Jan 31, 2022",0.399,22.156164383561645,24.602739726027398,Y,Y. Hasegawa,Oita Trinita,2020,21
Henrique,Trevisan,24,653,1997-01-20,2021-02-17,"Jan 1, 2022",0.346,24.076712328767123,24.47945205479452,H,H. Trevisan,Oita Trinita,2020,21
Yuya,Takazawa,24,576,1997-02-19,2020-01-06,"Jan 31, 2022",0.305,22.87945205479452,24.397260273972602,Y,Y. Takazawa,Oita Trinita,2020,21
Kenta,Fukumori,27,531,1994-07-04,2021-01-09,"Jan 31, 2022",0.281,26.517808219178082,27.027397260273972,K,K. Fukumori,Oita Trinita,2020,21
Ryosuke,Tone,29,473,1991-10-29,2018-01-06,"Jan 31, 2022",0.25,26.18904109589041,29.706849315068492,R,R. Tone,Oita Trinita,2020,21
Keita,Takahata,20,444,2000-09-16,2019-02-01,"Jan 31, 2022",0.235,18.378082191780823,20.824657534246576,K,K. Takahata,Oita Trinita,2020,21
Kohei,Isa,29,390,1991-11-23,2014-02-01,"Jan 31, 2022",0.206,22.19178082191781,29.638356164383563,K,K. Isa,Oita Trinita,2020,21
Katsunori,Ueebisu,25,307,1996-04-05,2021-01-09,"Jan 31, 2022",0.162,24.764383561643836,25.273972602739725,K,K. Ueebisu,Oita Trinita,2020,21
Hayato,Kurosaki,24,144,NA,NA,NA,0.076,NA,NA,H,H. Kurosaki,Oita Trinita,2020,21
Kazuki,Fujimoto,22,118,1998-07-29,2021-02-01,"Jan 31, 2022",0.062,22.512328767123286,22.958904109589042,K,K. Fujimoto,Oita Trinita,2020,21
Matheus,Pereira,24,66,1997-01-31,2021-02-17,"Jan 1, 2022",0.035,24.046575342465754,24.44931506849315,M,M. Pereira,Oita Trinita,2020,21
Naoki,Nomura,30,45,1991-04-17,2020-01-04,"Jan 31, 2022",0.024,28.715846994535518,30.24109589041096,N,N. Nomura,Oita Trinita,2020,21
Yusei,Yashiki,17,26,2003-10-18,NA,-,0.014,NA,17.736986301369864,Y,Y. Yashiki,Oita Trinita,2020,21
Kaoru,Takayama,33,1,NA,NA,NA,0.001,NA,NA,K,K. Takayama,Oita Trinita,2020,21
Jakub,Slowik,29,1800,1991-08-31,2019-07-02,"Jan 31, 2022",0.952,27.835616438356166,29.86849315068493,J,J. Slowik,Vegalta Sendai,2020,21
Takumi,Mase,23,1550,1998-05-03,2021-02-01,"Jan 31, 2022",0.82,22.75068493150685,23.197260273972603,T,T. Mase,Vegalta Sendai,2020,21
Kyohei,Yoshino,26,1527,1994-11-08,2020-01-04,"Jan 31, 2022",0.808,25.15573770491803,26.67945205479452,K,K. Yoshino,Vegalta Sendai,2020,21
Yasuhiro,Hiraoka,35,1478,1986-05-23,2017-02-01,"Jan 31, 2022",0.782,30.695890410958903,35.14246575342466,Y,Y. Hiraoka,Vegalta Sendai,2020,21
Takayoshi,Ishihara,28,1457,1992-12-17,2019-01-04,"Jan 31, 2022",0.771,26.04931506849315,28.572602739726026,T,T. Ishihara,Vegalta Sendai,2020,21
Yoshiki,Matsushita,27,1400,1994-03-03,2019-01-04,"Jan 31, 2022",0.741,24.84109589041096,27.364383561643837,Y,Y. Matsushita,Vegalta Sendai,2020,21
Takuma,Nishimura,24,1359,1996-10-22,2021-02-11,"Jan 31, 2023",0.719,24.306849315068494,24.726027397260275,T,T. Nishimura,Vegalta Sendai,2020,21
Rikiya,Uehara,24,1229,1996-08-25,2021-02-01,"Jan 31, 2022",0.65,24.438356164383563,24.884931506849316,R,R. Uehara,Vegalta Sendai,2020,21
Ryoma,Kida,23,1203,1997-08-12,2021-01-20,"Jan 31, 2022",0.637,23.44109589041096,23.92054794520548,R,R. Kida,Vegalta Sendai,2020,21
Chihiro,Kato,22,1016,1998-12-12,2021-02-01,"Jan 31, 2022",0.538,22.13972602739726,22.586301369863016,C,C. Kato,Vegalta Sendai,2020,21
Shuhei,Akasaki,29,908,1991-09-01,2020-02-01,"Jan 31, 2022",0.48,28.418032786885245,29.865753424657534,S,S. Akasaki,Vegalta Sendai,2020,21
Hisashi,Appiah,22,770,1998-10-18,2021-02-01,"Jan 31, 2022",0.407,22.29041095890411,22.736986301369864,H,H. Appiah,Vegalta Sendai,2020,21
Koji,Hachisuka,30,761,1990-07-20,2013-02-01,"Jan 31, 2022",0.403,22.536986301369865,30.983561643835618,K,K. Hachisuka,Vegalta Sendai,2020,21
Quenten,Martinus,30,725,1991-03-07,2021-01-09,"Jan 31, 2022",0.384,29.843835616438355,30.353424657534248,Q,Q. Martinus,Vegalta Sendai,2020,21
Kunimitsu,Sekiguchi,35,711,1985-12-26,2018-04-10,"Jan 31, 2022",0.376,32.28767123287671,35.54794520547945,K,K. Sekiguchi,Vegalta Sendai,2020,21
Shingo,Tomita,35,644,1986-06-20,2005-02-01,"Jan 31, 2022",0.341,18.61917808219178,35.06575342465754,S,S. Tomita,Vegalta Sendai,2020,21
Yusuke,Minagawa,29,384,1991-10-09,2021-01-15,"Jan 31, 2022",0.203,29.268493150684932,29.76164383561644,Y,Y. Minagawa,Vegalta Sendai,2020,21
NA,Foguinho,29,358,1992-06-15,2021-03-22,"Jan 31, 2022",0.189,28.767123287671232,29.07945205479452,,Foguinho,Vegalta Sendai,2020,21
NA,Simão,33,322,1988-06-23,2019-01-04,"Jan 31, 2022",0.17,30.534246575342465,33.057534246575344,,Simão,Vegalta Sendai,2020,21
Shogo,Nakahara,27,290,1994-05-19,2019-07-25,"Jan 31, 2022",0.153,25.183060109289617,27.153424657534245,S,S. Nakahara,Vegalta Sendai,2020,21
Hayato,Teruyama,20,247,2000-08-28,2019-02-01,"Jan 31, 2022",0.131,18.43013698630137,20.876712328767123,H,H. Teruyama,Vegalta Sendai,2020,21
Felippe,Cardoso,22,178,1998-10-04,2021-03-21,"Jan 1, 2022",0.094,22.46027397260274,22.775342465753425,F,F. Cardoso,Vegalta Sendai,2020,21
Yosuke,Akiyama,26,169,1995-04-13,2021-01-09,"Jan 31, 2022",0.089,25.742465753424657,26.252054794520546,Y,Y. Akiyama,Vegalta Sendai,2020,21
Nedeljko,Stojisic,23,90,1997-09-25,2021-01-20,"Jan 31, 2022",0.048,23.32054794520548,23.8,N,N. Stojisic,Vegalta Sendai,2020,21
Takumi,Sasaki,23,89,1998-03-30,2016-02-01,"Jan 31, 2022",0.047,17.84153005464481,23.29041095890411,T,T. Sasaki,Vegalta Sendai,2020,21
Emmanuel,Oti,24,51,1996-09-24,2021-01-20,"Jan 31, 2022",0.027,24.323287671232876,24.802739726027397,E,E. Oti,Vegalta Sendai,2020,21
Hirokazu,Ishihara,22,1890,1999-02-26,2017-02-01,"Jan 31, 2022",0.955,17.93169398907104,22.378082191780823,H,H. Ishihara,Shonan Bellmare,2020,22
Kosei,Tani,20,1710,2000-11-22,2020-02-01,"Jan 31, 2022",0.864,19.193989071038253,20.64109589041096,K,K. Tani,Shonan Bellmare,2020,22
Naoki,Yamada,31,1709,1990-07-04,2020-02-01,"Jan 31, 2022",0.863,29.579234972677597,31.027397260273972,N,N. Yamada,Shonan Bellmare,2020,22
Takuya,Okamoto,29,1668,1992-06-18,2019-02-01,"Jan 31, 2022",0.842,26.624657534246577,29.07123287671233,T,T. Okamoto,Shonan Bellmare,2020,22
Ryo,Takahashi,27,1560,1993-07-16,2021-01-09,"Jan 31, 2022",0.788,27.484931506849314,27.994520547945207,R,R. Takahashi,Shonan Bellmare,2020,22
Koki,Tachi,23,1493,1997-12-14,2020-02-01,"Jan 31, 2022",0.754,22.133879781420767,23.58082191780822,K,K. Tachi,Shonan Bellmare,2020,22
Satoshi,Tanaka,18,1368,2002-08-13,2021-02-01,"Jan 31, 2026",0.691,18.471232876712328,18.91780821917808,S,S. Tanaka,Shonan Bellmare,2020,22
Kazunari,Ono,31,1298,1989-08-04,2018-02-01,"Jan 31, 2022",0.656,28.495890410958904,31.942465753424656,K,K. Ono,Shonan Bellmare,2020,22
Shuto,Machino,21,1282,1999-09-30,2021-01-09,"Jan 31, 2022",0.647,21.276712328767122,21.786301369863015,S,S. Machino,Shonan Bellmare,2020,22
Yuki,Ohashi,24,1166,1996-07-27,2019-02-01,"Jan 31, 2022",0.589,22.517808219178082,24.964383561643835,Y,Y. Ohashi,Shonan Bellmare,2020,22
Shintaro,Nago,25,1062,1996-04-17,2021-02-01,"Jan 31, 2022",0.536,24.794520547945204,25.24109589041096,S,S. Nago,Shonan Bellmare,2020,22
Shun,Nakamura,27,749,NA,NA,NA,0.378,NA,NA,S,S. Nakamura,Shonan Bellmare,2020,22
NA,Wellington,33,731,1988-02-11,2020-12-21,"Jan 31, 2022",0.369,32.85792349726776,33.41917808219178,,Wellington,Shonan Bellmare,2020,22
Kazuki,Oiwa,31,608,1989-08-17,2020-01-04,"Jan 31, 2022",0.307,30.382513661202186,31.90684931506849,K,K. Oiwa,Shonan Bellmare,2020,22
Masaki,Ikeda,22,486,1999-07-08,2021-01-09,"Jan 31, 2022",0.245,21.506849315068493,22.016438356164382,M,M. Ikeda,Shonan Bellmare,2020,22
Shota,Kobayashi,30,418,1991-05-11,2019-01-05,"Jan 31, 2022",0.211,27.654794520547945,30.175342465753424,S,S. Kobayashi,Shonan Bellmare,2020,22
Taiga,Hata,19,418,2002-01-20,2020-02-01,"Jan 31, 2023",0.211,18.0327868852459,19.47945205479452,T,T. Hata,Shonan Bellmare,2020,22
Tarik,Elyounoussi,33,393,1988-02-23,2020-01-09,"Jan 31, 2022",0.198,31.876712328767123,33.38630136986301,T,T. Elyounoussi,Shonan Bellmare,2020,22
Naoki,Ishihara,36,369,1984-08-14,2020-01-04,"Jan 31, 2022",0.186,35.39071038251366,36.915068493150685,N,N. Ishihara,Shonan Bellmare,2020,22
Hidetoshi,Miyuki,28,356,1993-05-23,2020-01-04,"Jan 31, 2022",0.18,26.617486338797814,28.14246575342466,H,H. Miyuki,Shonan Bellmare,2020,22
Daiki,Tomii,31,270,1989-08-27,2018-01-06,"Jan 31, 2022",0.136,28.361643835616437,31.87945205479452,D,D. Tomii,Shonan Bellmare,2020,22
Akimi,Barada,30,241,1991-05-30,2020-01-04,"Jan 31, 2022",0.122,28.598360655737704,30.123287671232877,A,A. Barada,Shonan Bellmare,2020,22
Sosuke,Shibata,20,135,2001-05-26,2019-02-01,"Jan 31, 2022",0.068,17.687671232876713,20.134246575342466,S,S. Shibata,Shonan Bellmare,2020,22
Shuto,Yamamoto,36,90,1985-06-01,2021-01-09,"Jan 31, 2022",0.045,35.608219178082194,36.11780821917808,S,S. Yamamoto,Shonan Bellmare,2020,22
NA,Riuler,23,76,1998-01-25,2020-01-21,"Jan 31, 2022",0.038,21.98904109589041,23.465753424657535,,Riuler,Shonan Bellmare,2020,22
Sho,Hiramatsu,22,68,1998-11-26,2021-02-01,"Jan 31, 2022",0.034,22.183561643835617,22.63013698630137,S,S. Hiramatsu,Shonan Bellmare,2020,22
Taiyo,Hiraoka,18,45,2002-09-14,2021-02-01,"Jan 31, 2024",0.023,18.383561643835616,18.83013698630137,T,T. Hiraoka,Shonan Bellmare,2020,22
Tsukasa,Umesaki,34,22,1987-02-23,2018-01-06,"Jan 31, 2022",0.011,30.86849315068493,34.38630136986301,T,T. Umesaki,Shonan Bellmare,2020,22
Welinton,Junior,28,20,1993-06-08,2021-01-11,"Jan 1, 2022",0.01,27.594520547945205,28.0986301369863,W,W. Junior,Shonan Bellmare,2020,22
Shunya,Mori,26,13,1995-04-10,2019-07-08,"Jan 31, 2022",0.007,24.243169398907103,26.26027397260274,S,S. Mori,Shonan Bellmare,2020,22
Ryo,Nemoto,21,9,2000-02-03,2021-02-25,-,0.005,21.06027397260274,21.44109589041096,R,R. Nemoto,Shonan Bellmare,2020,22
Tatsuki,Seko,23,1432,1997-12-22,2020-02-01,"Jan 31, 2022",0.723,22.112021857923498,23.55890410958904,T,T. Seko,Yokohama Fc,2020,22
Yutaro,Hakamata,25,1381,1996-06-24,2019-02-01,"Jan 31, 2022",0.697,22.60821917808219,25.054794520547944,Y,Y. Hakamata,Yokohama Fc,2020,22
Yota,Maejima,23,1324,1997-08-12,2016-02-01,"Jan 31, 2022",0.669,18.472677595628415,23.92054794520548,Y,Y. Maejima,Yokohama Fc,2020,22
Kohei,Tezuka,25,1162,1996-04-06,2021-02-01,"Jan 31, 2022",0.587,24.824657534246576,25.27123287671233,K,K. Tezuka,Yokohama Fc,2020,22
NA,Kléber,31,1137,1990-05-02,2021-01-09,"Jan 31, 2022",0.574,30.69041095890411,31.2,,Kléber,Yokohama Fc,2020,22
Ryo,Germain,26,1013,1995-04-19,2021-01-09,"Jan 31, 2022",0.512,25.726027397260275,26.235616438356164,R,R. Germain,Yokohama Fc,2020,22
Keijiro,Ogawa,29,996,1992-07-14,2021-01-09,"Jan 31, 2022",0.503,28.49041095890411,29,K,K. Ogawa,Yokohama Fc,2020,22
Masahiko,Inoha,35,940,1985-08-28,2019-02-18,"Jan 31, 2022",0.475,33.47671232876712,35.87671232876713,M,M. Inoha,Yokohama Fc,2020,22
Yuya,Takagi,23,939,1998-05-23,2021-02-01,"Jan 31, 2022",0.474,22.695890410958903,23.14246575342466,Y,Y. Takagi,Yokohama Fc,2020,22
Yusuke,Matsuo,23,903,1997-07-23,2020-02-01,"Jan 31, 2022",0.456,22.527322404371585,23.975342465753425,Y,Y. Matsuo,Yokohama Fc,2020,22
Yuji,Rokutan,34,900,1987-04-10,2021-02-01,"Jan 31, 2022",0.455,33.81369863013698,34.26027397260274,Y,Y. Rokutan,Yokohama Fc,2020,22
Hideto,Takahashi,33,900,1987-10-17,2021-01-09,"Jan 31, 2022",0.455,33.23013698630137,33.73972602739726,H,H. Takahashi,Yokohama Fc,2020,22
Ho-gang,Han,27,889,1993-09-18,2021-01-09,"Jan 31, 2022",0.449,27.30958904109589,27.81917808219178,H,H. Han,Yokohama Fc,2020,22
Masakazu,Tashiro,33,855,1988-06-26,2019-02-01,"Jan 31, 2022",0.432,30.602739726027398,33.04931506849315,M,M. Tashiro,Yokohama Fc,2020,22
Eijiro,Takeda,33,786,1988-07-11,2018-01-06,"Jan 31, 2022",0.397,29.49041095890411,33.00821917808219,E,E. Takeda,Yokohama Fc,2020,22
Reo,Yasunaga,20,763,2000-11-19,2019-02-01,"Jan 31, 2022",0.385,18.202739726027396,20.649315068493152,R,R. Yasunaga,Yokohama Fc,2020,22
NA,Maguinho,29,757,1992-01-06,2020-02-01,"Jan 31, 2022",0.382,28.07103825136612,29.517808219178082,,Maguinho,Yokohama Fc,2020,22
Kazuma,Watanabe,34,757,1986-08-10,2021-01-09,"Jan 31, 2022",0.382,34.416438356164385,34.92602739726027,K,K. Watanabe,Yokohama Fc,2020,22
Yuta,Minami,41,720,1979-09-30,2014-01-01,"Jan 31, 2022",0.364,34.25479452054795,41.78630136986301,Y,Y. Minami,Yokohama Fc,2020,22
Takuya,Matsuura,32,671,1988-12-21,2019-01-01,"Jan 31, 2022",0.339,30.03013698630137,32.56164383561644,T,T. Matsuura,Yokohama Fc,2020,22
Sho,Ito,32,523,1988-07-24,2021-01-15,"Jan 31, 2022",0.264,32.47945205479452,32.97260273972603,S,S. Ito,Yokohama Fc,2020,22
Kosuke,Saito,24,497,1997-06-16,2016-02-01,"Jan 31, 2022",0.251,18.628415300546447,24.076712328767123,K,K. Saito,Yokohama Fc,2020,22
Akinori,Ichikawa,22,360,1998-10-19,2017-02-01,"Jan 31, 2022",0.182,18.28767123287671,22.734246575342464,A,A. Ichikawa,Yokohama Fc,2020,22
Daiki,Nakashio,24,359,1997-06-08,2021-01-09,"Jan 31, 2022",0.181,23.589041095890412,24.0986301369863,D,D. Nakashio,Yokohama Fc,2020,22
Katsuya,Iwatake,25,345,1996-06-04,2021-01-09,"Jan 31, 2022",0.174,24.6,25.10958904109589,K,K. Iwatake,Yokohama Fc,2020,22
Shunsuke,Nakamura,43,213,1978-06-24,2019-07-11,"Jan 31, 2022",0.108,41.04644808743169,43.054794520547944,S,S. Nakamura,Yokohama Fc,2020,22
Ryuji,Sugimoto,28,120,1993-06-01,2021-02-01,"Jan 31, 2022",0.061,27.671232876712327,28.117808219178084,R,R. Sugimoto,Yokohama Fc,2020,22
Riku,Furuyado,20,88,2001-04-18,2020-02-01,"Jan 31, 2023",0.044,18.7896174863388,20.23835616438356,R,R. Furuyado,Yokohama Fc,2020,22
Tomoki,Kondo,20,10,2001-03-21,2021-06-18,-,0.005,20.243835616438357,20.315068493150687,T,T. Kondo,Yokohama Fc,2020,22
Calvin,Jong-A-Pin,34,6,1986-07-18,2017-01-01,"Jan 31, 2022",0.003,30.457534246575342,34.989041095890414,C,C. Jong-A-Pin,Yokohama Fc,2020,22
